0,"Component-Whole(e2,e1)"
1,"Component-Whole(e2,e1)"
2,"Entity-Destination(e1,e2)"
3,Other
4,Other
5,"Instrument-Agency(e2,e1)"
6,"Cause-Effect(e2,e1)"
7,"Cause-Effect(e2,e1)"
8,
9,
10,"Content-Container(e2,e1)"
11,"Component-Whole(e1,e2)"
12,
13,"Message-Topic(e2,e1)"
14,"Instrument-Agency(e2,e1)"
15,
16,"Entity-Destination(e1,e2)"
17,"Component-Whole(e2,e1)"
18,"Entity-Destination(e1,e2)"
19,"Entity-Origin(e2,e1)"
20,"Cause-Effect(e2,e1)"
21,"Cause-Effect(e2,e1)"
22,"Message-Topic(e1,e2)"
23,"Entity-Origin(e1,e2)"
24,"Cause-Effect(e2,e1)"
25,Other
26,
27,"Cause-Effect(e2,e1)"
28,"Entity-Destination(e1,e2)"
29,Other
30,
31,"Content-Container(e1,e2)"
32,
33,"Component-Whole(e2,e1)"
34,
35,
36,"Cause-Effect(e2,e1)"
37,
38,Other
39,"Cause-Effect(e2,e1)"
40,Other
41,Other
42,"Message-Topic(e1,e2)"
43,"Message-Topic(e2,e1)"
44,"Instrument-Agency(e1,e2)"
45,"Component-Whole(e1,e2)"
46,"Product-Producer(e1,e2)"
47,
48,
49,"Instrument-Agency(e1,e2)"
50,Other
51,Other
52,
53,"Instrument-Agency(e2,e1)"
54,"Product-Producer(e2,e1)"
55,
56,"Product-Producer(e1,e2)"
57,"Entity-Origin(e1,e2)"
58,
59,
60,
61,"Entity-Origin(e2,e1)"
62,"Component-Whole(e1,e2)"
63,"Product-Producer(e1,e2)"
64,
65,"Content-Container(e1,e2)"
66,"Component-Whole(e1,e2)"
67,"Entity-Destination(e1,e2)"
68,"Member-Collection(e2,e1)"
69,"Product-Producer(e1,e2)"
70,"Message-Topic(e2,e1)"
71,"Component-Whole(e2,e1)"
72,"Cause-Effect(e2,e1)"
73,
74,"Entity-Destination(e1,e2)"
75,"Content-Container(e1,e2)"
76,"Entity-Origin(e1,e2)"
77,"Member-Collection(e2,e1)"
78,"Cause-Effect(e1,e2)"
79,"Product-Producer(e1,e2)"
80,"Component-Whole(e2,e1)"
81,
82,"Entity-Origin(e1,e2)"
83,"Content-Container(e1,e2)"
84,Other
85,"Component-Whole(e1,e2)"
86,"Product-Producer(e1,e2)"
87,Other
88,"Product-Producer(e1,e2)"
89,Other
90,
91,Other
92,Other
93,"Member-Collection(e2,e1)"
94,"Instrument-Agency(e2,e1)"
95,"Entity-Origin(e2,e1)"
96,
97,Other
98,"Cause-Effect(e1,e2)"
99,Other
100,"Instrument-Agency(e2,e1)"
101,"Entity-Origin(e1,e2)"
102,"Instrument-Agency(e1,e2)"
103,"Product-Producer(e1,e2)"
104,Other
105,"Cause-Effect(e1,e2)"
106,
107,"Product-Producer(e1,e2)"
108,
109,"Cause-Effect(e1,e2)"
110,"Content-Container(e1,e2)"
111,"Product-Producer(e1,e2)"
112,"Entity-Origin(e1,e2)"
113,"Entity-Destination(e1,e2)"
114,
115,"Instrument-Agency(e2,e1)"
116,"Component-Whole(e2,e1)"
117,
118,
119,"Content-Container(e1,e2)"
120,"Cause-Effect(e2,e1)"
121,Other
122,"Component-Whole(e1,e2)"
123,"Cause-Effect(e1,e2)"
124,"Entity-Destination(e1,e2)"
125,"Message-Topic(e1,e2)"
126,
127,"Component-Whole(e1,e2)"
128,"Entity-Origin(e1,e2)"
129,"Cause-Effect(e2,e1)"
130,Other
131,"Product-Producer(e2,e1)"
132,"Entity-Destination(e1,e2)"
133,"Product-Producer(e2,e1)"
134,"Component-Whole(e2,e1)"
135,"Message-Topic(e1,e2)"
136,Other
137,"Cause-Effect(e2,e1)"
138,"Entity-Origin(e1,e2)"
139,"Component-Whole(e1,e2)"
140,
141,"Member-Collection(e2,e1)"
142,"Component-Whole(e2,e1)"
143,
144,"Entity-Origin(e1,e2)"
145,"Message-Topic(e1,e2)"
146,"Entity-Destination(e1,e2)"
147,"Entity-Destination(e1,e2)"
148,Other
149,"Member-Collection(e2,e1)"
150,"Component-Whole(e1,e2)"
151,
152,
153,"Message-Topic(e2,e1)"
154,
155,"Instrument-Agency(e2,e1)"
156,
157,"Cause-Effect(e1,e2)"
158,
159,"Product-Producer(e2,e1)"
160,"Instrument-Agency(e2,e1)"
161,"Component-Whole(e2,e1)"
162,Other
163,Other
164,"Product-Producer(e2,e1)"
165,
166,Other
167,"Cause-Effect(e1,e2)"
168,
169,"Product-Producer(e1,e2)"
170,"Entity-Origin(e1,e2)"
171,Other
172,"Message-Topic(e1,e2)"
173,"Member-Collection(e2,e1)"
174,"Product-Producer(e1,e2)"
175,
176,"Content-Container(e1,e2)"
177,"Content-Container(e1,e2)"
178,
179,
180,"Component-Whole(e1,e2)"
181,"Component-Whole(e1,e2)"
182,Other
183,
184,"Cause-Effect(e2,e1)"
185,"Entity-Destination(e1,e2)"
186,
187,"Component-Whole(e2,e1)"
188,"Product-Producer(e1,e2)"
189,"Message-Topic(e2,e1)"
190,"Component-Whole(e2,e1)"
191,"Entity-Origin(e1,e2)"
192,"Component-Whole(e2,e1)"
193,
194,"Component-Whole(e1,e2)"
195,"Message-Topic(e1,e2)"
196,
197,
198,
199,"Message-Topic(e1,e2)"
200,"Member-Collection(e2,e1)"
201,
202,Other
203,"Cause-Effect(e2,e1)"
204,"Product-Producer(e1,e2)"
205,"Instrument-Agency(e2,e1)"
206,Other
207,Other
208,"Content-Container(e1,e2)"
209,"Component-Whole(e2,e1)"
210,"Entity-Origin(e1,e2)"
211,
212,Other
213,"Component-Whole(e1,e2)"
214,"Entity-Origin(e1,e2)"
215,"Component-Whole(e2,e1)"
216,
217,"Message-Topic(e2,e1)"
218,
219,"Product-Producer(e2,e1)"
220,"Message-Topic(e2,e1)"
221,"Member-Collection(e2,e1)"
222,"Content-Container(e1,e2)"
223,"Member-Collection(e2,e1)"
224,
225,"Member-Collection(e2,e1)"
226,"Product-Producer(e1,e2)"
227,"Instrument-Agency(e2,e1)"
228,Other
229,"Entity-Destination(e1,e2)"
230,"Component-Whole(e2,e1)"
231,
232,"Entity-Origin(e1,e2)"
233,"Cause-Effect(e1,e2)"
234,
235,"Instrument-Agency(e2,e1)"
236,"Entity-Destination(e1,e2)"
237,
238,
239,"Content-Container(e2,e1)"
240,"Component-Whole(e2,e1)"
241,"Message-Topic(e1,e2)"
242,"Content-Container(e1,e2)"
243,
244,Other
245,"Entity-Origin(e1,e2)"
246,"Entity-Origin(e1,e2)"
247,
248,Other
249,"Component-Whole(e2,e1)"
250,"Cause-Effect(e2,e1)"
251,"Cause-Effect(e1,e2)"
252,"Entity-Destination(e1,e2)"
253,"Component-Whole(e1,e2)"
254,"Content-Container(e1,e2)"
255,"Cause-Effect(e2,e1)"
256,"Content-Container(e2,e1)"
257,"Cause-Effect(e2,e1)"
258,"Entity-Destination(e1,e2)"
259,"Component-Whole(e1,e2)"
260,"Cause-Effect(e2,e1)"
261,"Product-Producer(e2,e1)"
262,
263,Other
264,
265,"Cause-Effect(e1,e2)"
266,"Component-Whole(e1,e2)"
267,"Member-Collection(e2,e1)"
268,"Content-Container(e1,e2)"
269,Other
270,"Component-Whole(e1,e2)"
271,"Cause-Effect(e1,e2)"
272,
273,"Member-Collection(e2,e1)"
274,
275,"Entity-Destination(e1,e2)"
276,Other
277,"Component-Whole(e1,e2)"
278,Other
279,
280,"Cause-Effect(e2,e1)"
281,"Entity-Destination(e1,e2)"
282,"Entity-Destination(e1,e2)"
283,Other
284,"Entity-Origin(e1,e2)"
285,"Entity-Origin(e1,e2)"
286,"Member-Collection(e2,e1)"
287,"Entity-Origin(e1,e2)"
288,Other
289,"Cause-Effect(e2,e1)"
290,"Content-Container(e2,e1)"
291,"Cause-Effect(e2,e1)"
292,"Entity-Origin(e1,e2)"
293,"Message-Topic(e1,e2)"
294,"Component-Whole(e2,e1)"
295,"Product-Producer(e1,e2)"
296,"Entity-Destination(e1,e2)"
297,
298,Other
299,
300,
301,"Entity-Origin(e1,e2)"
302,"Entity-Origin(e1,e2)"
303,"Entity-Origin(e1,e2)"
304,
305,
306,"Entity-Destination(e1,e2)"
307,"Instrument-Agency(e2,e1)"
308,"Entity-Origin(e1,e2)"
309,
310,
311,
312,
313,"Message-Topic(e1,e2)"
314,Other
315,"Component-Whole(e1,e2)"
316,"Instrument-Agency(e2,e1)"
317,"Content-Container(e2,e1)"
318,"Entity-Destination(e1,e2)"
319,"Member-Collection(e1,e2)"
320,"Instrument-Agency(e2,e1)"
321,"Component-Whole(e1,e2)"
322,Other
323,Other
324,"Content-Container(e1,e2)"
325,"Member-Collection(e2,e1)"
326,Other
327,"Entity-Origin(e1,e2)"
328,
329,"Member-Collection(e2,e1)"
330,
331,
332,"Component-Whole(e1,e2)"
333,
334,"Product-Producer(e1,e2)"
335,"Component-Whole(e1,e2)"
336,"Content-Container(e1,e2)"
337,"Member-Collection(e2,e1)"
338,"Instrument-Agency(e1,e2)"
339,"Product-Producer(e1,e2)"
340,
341,
342,"Cause-Effect(e2,e1)"
343,"Instrument-Agency(e2,e1)"
344,"Entity-Origin(e1,e2)"
345,"Component-Whole(e1,e2)"
346,Other
347,"Cause-Effect(e2,e1)"
348,"Cause-Effect(e1,e2)"
349,Other
350,"Entity-Destination(e1,e2)"
351,
352,"Cause-Effect(e2,e1)"
353,"Entity-Origin(e2,e1)"
354,
355,"Component-Whole(e2,e1)"
356,Other
357,"Content-Container(e1,e2)"
358,"Entity-Destination(e1,e2)"
359,"Entity-Origin(e1,e2)"
360,Other
361,"Member-Collection(e2,e1)"
362,"Message-Topic(e1,e2)"
363,"Component-Whole(e2,e1)"
364,Other
365,"Message-Topic(e1,e2)"
366,
367,"Instrument-Agency(e2,e1)"
368,"Cause-Effect(e1,e2)"
369,"Product-Producer(e2,e1)"
370,
371,"Instrument-Agency(e2,e1)"
372,Other
373,"Message-Topic(e1,e2)"
374,"Component-Whole(e2,e1)"
375,"Entity-Origin(e1,e2)"
376,"Entity-Origin(e1,e2)"
377,
378,
379,"Message-Topic(e1,e2)"
380,"Component-Whole(e2,e1)"
381,"Member-Collection(e2,e1)"
382,
383,
384,"Entity-Destination(e1,e2)"
385,"Message-Topic(e2,e1)"
386,"Entity-Destination(e1,e2)"
387,"Content-Container(e2,e1)"
388,"Component-Whole(e2,e1)"
389,"Entity-Origin(e2,e1)"
390,"Entity-Origin(e1,e2)"
391,Other
392,"Component-Whole(e2,e1)"
393,"Entity-Destination(e1,e2)"
394,"Member-Collection(e1,e2)"
395,"Message-Topic(e1,e2)"
396,
397,"Entity-Origin(e2,e1)"
398,
399,"Component-Whole(e1,e2)"
400,
401,"Component-Whole(e2,e1)"
402,"Component-Whole(e2,e1)"
403,"Cause-Effect(e2,e1)"
404,Other
405,"Member-Collection(e2,e1)"
406,
407,Other
408,
409,Other
410,
411,"Entity-Destination(e1,e2)"
412,"Entity-Destination(e1,e2)"
413,"Content-Container(e2,e1)"
414,"Message-Topic(e1,e2)"
415,"Component-Whole(e1,e2)"
416,
417,"Message-Topic(e2,e1)"
418,
419,"Entity-Origin(e1,e2)"
420,Other
421,
422,"Cause-Effect(e2,e1)"
423,"Component-Whole(e2,e1)"
424,"Product-Producer(e1,e2)"
425,"Entity-Origin(e2,e1)"
426,
427,Other
428,Other
429,"Content-Container(e1,e2)"
430,Other
431,"Entity-Origin(e1,e2)"
432,"Product-Producer(e2,e1)"
433,Other
434,"Product-Producer(e2,e1)"
435,"Member-Collection(e2,e1)"
436,
437,"Component-Whole(e2,e1)"
438,"Component-Whole(e2,e1)"
439,"Instrument-Agency(e2,e1)"
440,
441,"Entity-Origin(e2,e1)"
442,"Cause-Effect(e2,e1)"
443,"Cause-Effect(e2,e1)"
444,"Cause-Effect(e2,e1)"
445,Other
446,"Entity-Destination(e1,e2)"
447,"Cause-Effect(e1,e2)"
448,Other
449,"Product-Producer(e1,e2)"
450,"Cause-Effect(e2,e1)"
451,"Cause-Effect(e1,e2)"
452,
453,"Instrument-Agency(e2,e1)"
454,"Message-Topic(e1,e2)"
455,
456,"Component-Whole(e1,e2)"
457,"Entity-Origin(e1,e2)"
458,"Message-Topic(e1,e2)"
459,Other
460,
461,Other
462,
463,"Cause-Effect(e2,e1)"
464,"Cause-Effect(e2,e1)"
465,"Message-Topic(e1,e2)"
466,"Entity-Origin(e1,e2)"
467,"Product-Producer(e1,e2)"
468,
469,"Content-Container(e1,e2)"
470,"Instrument-Agency(e1,e2)"
471,"Component-Whole(e2,e1)"
472,"Member-Collection(e2,e1)"
473,"Cause-Effect(e2,e1)"
474,"Component-Whole(e1,e2)"
475,"Component-Whole(e2,e1)"
476,
477,
478,"Cause-Effect(e2,e1)"
479,"Component-Whole(e2,e1)"
480,"Entity-Origin(e1,e2)"
481,
482,
483,"Entity-Destination(e1,e2)"
484,"Product-Producer(e2,e1)"
485,"Instrument-Agency(e2,e1)"
486,"Cause-Effect(e2,e1)"
487,"Member-Collection(e1,e2)"
488,"Cause-Effect(e1,e2)"
489,"Product-Producer(e1,e2)"
490,"Entity-Destination(e1,e2)"
491,"Member-Collection(e2,e1)"
492,
493,"Component-Whole(e2,e1)"
494,
495,Other
496,Other
497,"Product-Producer(e2,e1)"
498,Other
499,"Entity-Destination(e1,e2)"
500,
501,"Entity-Origin(e1,e2)"
502,
503,"Entity-Destination(e1,e2)"
504,"Cause-Effect(e2,e1)"
505,"Member-Collection(e2,e1)"
506,Other
507,Other
508,"Content-Container(e1,e2)"
509,"Component-Whole(e2,e1)"
510,
511,Other
512,"Member-Collection(e2,e1)"
513,"Entity-Destination(e1,e2)"
514,Other
515,"Entity-Origin(e1,e2)"
516,"Component-Whole(e2,e1)"
517,"Product-Producer(e2,e1)"
518,"Product-Producer(e2,e1)"
519,
520,"Message-Topic(e2,e1)"
521,"Cause-Effect(e2,e1)"
522,"Product-Producer(e2,e1)"
523,Other
524,"Component-Whole(e2,e1)"
525,
526,"Component-Whole(e1,e2)"
527,Other
528,Other
529,
530,
531,
532,
533,"Cause-Effect(e1,e2)"
534,"Entity-Destination(e1,e2)"
535,"Component-Whole(e2,e1)"
536,"Product-Producer(e2,e1)"
537,Other
538,Other
539,"Component-Whole(e1,e2)"
540,"Product-Producer(e2,e1)"
541,
542,"Entity-Origin(e1,e2)"
543,
544,Other
545,"Instrument-Agency(e1,e2)"
546,Other
547,"Component-Whole(e1,e2)"
548,"Member-Collection(e2,e1)"
549,"Entity-Destination(e1,e2)"
550,
551,"Instrument-Agency(e2,e1)"
552,"Cause-Effect(e2,e1)"
553,
554,Other
555,"Cause-Effect(e2,e1)"
556,"Product-Producer(e2,e1)"
557,"Entity-Origin(e1,e2)"
558,"Cause-Effect(e2,e1)"
559,"Message-Topic(e1,e2)"
560,
561,"Entity-Origin(e1,e2)"
562,"Content-Container(e1,e2)"
563,"Message-Topic(e1,e2)"
564,"Component-Whole(e2,e1)"
565,"Entity-Origin(e2,e1)"
566,"Product-Producer(e2,e1)"
567,
568,"Member-Collection(e2,e1)"
569,"Member-Collection(e2,e1)"
570,"Message-Topic(e2,e1)"
571,
572,"Component-Whole(e2,e1)"
573,Other
574,Other
575,"Entity-Origin(e1,e2)"
576,"Entity-Origin(e2,e1)"
577,"Member-Collection(e2,e1)"
578,
579,
580,"Component-Whole(e1,e2)"
581,Other
582,"Component-Whole(e2,e1)"
583,
584,"Entity-Origin(e2,e1)"
585,"Entity-Destination(e1,e2)"
586,"Instrument-Agency(e2,e1)"
587,"Member-Collection(e2,e1)"
588,"Cause-Effect(e2,e1)"
589,"Cause-Effect(e2,e1)"
590,"Member-Collection(e2,e1)"
591,"Message-Topic(e1,e2)"
592,
593,"Product-Producer(e1,e2)"
594,
595,
596,
597,"Entity-Origin(e2,e1)"
598,"Product-Producer(e2,e1)"
599,"Member-Collection(e2,e1)"
600,"Message-Topic(e1,e2)"
601,Other
602,"Product-Producer(e1,e2)"
603,"Message-Topic(e1,e2)"
604,Other
605,"Instrument-Agency(e2,e1)"
606,"Component-Whole(e2,e1)"
607,"Entity-Origin(e2,e1)"
608,
609,"Cause-Effect(e2,e1)"
610,
611,"Cause-Effect(e1,e2)"
612,
613,"Message-Topic(e1,e2)"
614,"Member-Collection(e2,e1)"
615,"Content-Container(e2,e1)"
616,"Component-Whole(e1,e2)"
617,
618,"Entity-Destination(e1,e2)"
619,"Cause-Effect(e2,e1)"
620,"Entity-Origin(e2,e1)"
621,Other
622,
623,"Entity-Destination(e1,e2)"
624,"Entity-Destination(e1,e2)"
625,
626,"Entity-Destination(e1,e2)"
627,Other
628,"Member-Collection(e2,e1)"
629,"Cause-Effect(e1,e2)"
630,
631,Other
632,"Product-Producer(e2,e1)"
633,"Component-Whole(e1,e2)"
634,"Entity-Origin(e1,e2)"
635,"Product-Producer(e2,e1)"
636,Other
637,"Cause-Effect(e1,e2)"
638,
639,"Entity-Origin(e1,e2)"
640,Other
641,"Instrument-Agency(e2,e1)"
642,"Entity-Origin(e1,e2)"
643,"Message-Topic(e1,e2)"
644,"Component-Whole(e2,e1)"
645,"Member-Collection(e2,e1)"
646,"Component-Whole(e2,e1)"
647,Other
648,"Entity-Destination(e1,e2)"
649,"Content-Container(e2,e1)"
650,Other
651,
652,"Entity-Origin(e1,e2)"
653,"Content-Container(e1,e2)"
654,"Content-Container(e2,e1)"
655,"Product-Producer(e2,e1)"
656,"Entity-Origin(e1,e2)"
657,"Component-Whole(e1,e2)"
658,
659,"Entity-Destination(e1,e2)"
660,"Message-Topic(e1,e2)"
661,Other
662,"Product-Producer(e2,e1)"
663,"Message-Topic(e2,e1)"
664,"Content-Container(e1,e2)"
665,
666,"Component-Whole(e1,e2)"
667,"Content-Container(e2,e1)"
668,"Member-Collection(e2,e1)"
669,
670,"Content-Container(e1,e2)"
671,Other
672,"Member-Collection(e2,e1)"
673,"Cause-Effect(e2,e1)"
674,"Instrument-Agency(e1,e2)"
675,"Component-Whole(e2,e1)"
676,
677,"Entity-Destination(e1,e2)"
678,"Cause-Effect(e2,e1)"
679,Other
680,"Entity-Destination(e1,e2)"
681,"Entity-Origin(e1,e2)"
682,"Cause-Effect(e2,e1)"
683,
684,"Entity-Origin(e1,e2)"
685,"Component-Whole(e1,e2)"
686,
687,"Product-Producer(e1,e2)"
688,
689,"Message-Topic(e2,e1)"
690,"Member-Collection(e2,e1)"
691,"Cause-Effect(e2,e1)"
692,"Content-Container(e1,e2)"
693,"Cause-Effect(e2,e1)"
694,"Entity-Origin(e1,e2)"
695,"Product-Producer(e2,e1)"
696,
697,"Component-Whole(e1,e2)"
698,"Content-Container(e1,e2)"
699,"Cause-Effect(e1,e2)"
700,"Entity-Origin(e2,e1)"
701,
702,Other
703,Other
704,"Entity-Destination(e1,e2)"
705,"Entity-Destination(e1,e2)"
706,Other
707,"Cause-Effect(e2,e1)"
708,"Component-Whole(e2,e1)"
709,"Entity-Destination(e1,e2)"
710,Other
711,"Component-Whole(e2,e1)"
712,"Product-Producer(e1,e2)"
713,Other
714,"Component-Whole(e2,e1)"
715,"Message-Topic(e1,e2)"
716,Other
717,"Message-Topic(e1,e2)"
718,Other
719,"Entity-Destination(e1,e2)"
720,"Message-Topic(e1,e2)"
721,"Entity-Origin(e2,e1)"
722,"Cause-Effect(e2,e1)"
723,"Entity-Origin(e2,e1)"
724,"Cause-Effect(e2,e1)"
725,
726,"Message-Topic(e1,e2)"
727,"Cause-Effect(e1,e2)"
728,Other
729,
730,"Entity-Destination(e1,e2)"
731,"Entity-Destination(e1,e2)"
732,"Entity-Origin(e2,e1)"
733,"Entity-Origin(e1,e2)"
734,"Entity-Destination(e1,e2)"
735,
736,
737,"Entity-Destination(e1,e2)"
738,"Component-Whole(e1,e2)"
739,
740,"Instrument-Agency(e2,e1)"
741,
742,"Message-Topic(e1,e2)"
743,Other
744,
745,"Entity-Destination(e1,e2)"
746,Other
747,"Entity-Destination(e1,e2)"
748,"Entity-Origin(e1,e2)"
749,
750,Other
751,"Cause-Effect(e2,e1)"
752,"Member-Collection(e2,e1)"
753,Other
754,"Entity-Origin(e1,e2)"
755,
756,"Component-Whole(e2,e1)"
757,
758,"Instrument-Agency(e2,e1)"
759,"Component-Whole(e2,e1)"
760,"Component-Whole(e2,e1)"
761,"Entity-Origin(e1,e2)"
762,"Instrument-Agency(e2,e1)"
763,Other
764,"Content-Container(e1,e2)"
765,"Entity-Destination(e1,e2)"
766,"Entity-Destination(e1,e2)"
767,"Entity-Origin(e1,e2)"
768,"Component-Whole(e2,e1)"
769,Other
770,"Component-Whole(e2,e1)"
771,"Component-Whole(e2,e1)"
772,"Member-Collection(e2,e1)"
773,
774,"Product-Producer(e1,e2)"
775,"Content-Container(e1,e2)"
776,"Product-Producer(e1,e2)"
777,"Product-Producer(e2,e1)"
778,"Cause-Effect(e2,e1)"
779,"Product-Producer(e1,e2)"
780,Other
781,"Entity-Destination(e1,e2)"
782,"Member-Collection(e1,e2)"
783,"Content-Container(e2,e1)"
784,"Message-Topic(e1,e2)"
785,"Entity-Destination(e1,e2)"
786,Other
787,"Cause-Effect(e2,e1)"
788,"Member-Collection(e2,e1)"
789,
790,"Content-Container(e1,e2)"
791,"Cause-Effect(e2,e1)"
792,"Product-Producer(e1,e2)"
793,"Entity-Origin(e2,e1)"
794,
795,"Instrument-Agency(e2,e1)"
796,"Content-Container(e1,e2)"
797,"Instrument-Agency(e2,e1)"
798,
799,"Cause-Effect(e1,e2)"
800,
801,"Component-Whole(e2,e1)"
802,"Entity-Origin(e1,e2)"
803,"Entity-Destination(e1,e2)"
804,"Cause-Effect(e2,e1)"
805,"Member-Collection(e2,e1)"
806,"Product-Producer(e1,e2)"
807,
808,"Entity-Destination(e1,e2)"
809,
810,Other
811,"Component-Whole(e2,e1)"
812,Other
813,
814,"Component-Whole(e1,e2)"
815,
816,
817,"Cause-Effect(e1,e2)"
818,"Message-Topic(e2,e1)"
819,"Message-Topic(e1,e2)"
820,"Message-Topic(e1,e2)"
821,
822,Other
823,"Entity-Origin(e1,e2)"
824,"Content-Container(e1,e2)"
825,"Message-Topic(e2,e1)"
826,"Entity-Destination(e1,e2)"
827,
828,Other
829,Other
830,Other
831,"Entity-Origin(e1,e2)"
832,"Content-Container(e1,e2)"
833,
834,Other
835,
836,"Entity-Origin(e1,e2)"
837,Other
838,"Member-Collection(e2,e1)"
839,Other
840,"Entity-Destination(e1,e2)"
841,"Instrument-Agency(e2,e1)"
842,
843,"Entity-Destination(e1,e2)"
844,"Component-Whole(e2,e1)"
845,"Component-Whole(e1,e2)"
846,"Product-Producer(e2,e1)"
847,Other
848,Other
849,
850,
851,"Component-Whole(e2,e1)"
852,"Instrument-Agency(e1,e2)"
853,
854,Other
855,
856,"Cause-Effect(e2,e1)"
857,"Entity-Origin(e2,e1)"
858,"Instrument-Agency(e2,e1)"
859,"Cause-Effect(e2,e1)"
860,"Cause-Effect(e2,e1)"
861,"Product-Producer(e2,e1)"
862,"Product-Producer(e2,e1)"
863,"Component-Whole(e1,e2)"
864,
865,
866,"Product-Producer(e2,e1)"
867,"Instrument-Agency(e2,e1)"
868,
869,"Message-Topic(e1,e2)"
870,"Entity-Origin(e2,e1)"
871,
872,"Message-Topic(e1,e2)"
873,"Member-Collection(e2,e1)"
874,"Entity-Origin(e1,e2)"
875,Other
876,Other
877,"Component-Whole(e1,e2)"
878,"Member-Collection(e2,e1)"
879,"Message-Topic(e2,e1)"
880,"Entity-Destination(e1,e2)"
881,
882,Other
883,"Product-Producer(e2,e1)"
884,
885,
886,
887,Other
888,Other
889,"Entity-Origin(e1,e2)"
890,"Message-Topic(e2,e1)"
891,Other
892,"Component-Whole(e2,e1)"
893,"Content-Container(e1,e2)"
894,"Member-Collection(e2,e1)"
895,Other
896,"Component-Whole(e1,e2)"
897,"Cause-Effect(e2,e1)"
898,"Cause-Effect(e2,e1)"
899,"Message-Topic(e1,e2)"
900,"Instrument-Agency(e2,e1)"
901,"Entity-Destination(e1,e2)"
902,Other
903,
904,
905,
906,"Entity-Origin(e1,e2)"
907,
908,"Member-Collection(e2,e1)"
909,"Product-Producer(e2,e1)"
910,"Entity-Origin(e1,e2)"
911,"Message-Topic(e2,e1)"
912,
913,"Product-Producer(e2,e1)"
914,"Message-Topic(e2,e1)"
915,"Component-Whole(e2,e1)"
916,"Member-Collection(e2,e1)"
917,
918,"Component-Whole(e1,e2)"
919,"Content-Container(e1,e2)"
920,"Entity-Origin(e1,e2)"
921,Other
922,"Component-Whole(e1,e2)"
923,"Product-Producer(e2,e1)"
924,"Component-Whole(e1,e2)"
925,"Entity-Origin(e1,e2)"
926,Other
927,"Member-Collection(e2,e1)"
928,"Entity-Destination(e1,e2)"
929,"Component-Whole(e2,e1)"
930,"Product-Producer(e2,e1)"
931,"Entity-Destination(e1,e2)"
932,
933,"Cause-Effect(e1,e2)"
934,
935,"Component-Whole(e2,e1)"
936,"Component-Whole(e1,e2)"
937,"Product-Producer(e2,e1)"
938,"Product-Producer(e2,e1)"
939,"Entity-Destination(e1,e2)"
940,"Product-Producer(e1,e2)"
941,"Product-Producer(e2,e1)"
942,"Entity-Destination(e1,e2)"
943,
944,"Component-Whole(e2,e1)"
945,"Entity-Destination(e1,e2)"
946,Other
947,Other
948,Other
949,
950,"Product-Producer(e2,e1)"
951,"Member-Collection(e2,e1)"
952,"Member-Collection(e2,e1)"
953,"Component-Whole(e1,e2)"
954,"Content-Container(e1,e2)"
955,"Cause-Effect(e2,e1)"
956,"Entity-Destination(e1,e2)"
957,"Message-Topic(e1,e2)"
958,"Entity-Origin(e2,e1)"
959,"Content-Container(e1,e2)"
960,"Component-Whole(e1,e2)"
961,"Entity-Destination(e1,e2)"
962,"Cause-Effect(e1,e2)"
963,"Component-Whole(e1,e2)"
964,"Entity-Origin(e1,e2)"
965,
966,"Entity-Destination(e1,e2)"
967,"Cause-Effect(e2,e1)"
968,"Component-Whole(e1,e2)"
969,Other
970,"Content-Container(e1,e2)"
971,
972,"Cause-Effect(e2,e1)"
973,"Message-Topic(e1,e2)"
974,Other
975,"Cause-Effect(e2,e1)"
976,"Message-Topic(e1,e2)"
977,"Component-Whole(e1,e2)"
978,Other
979,Other
980,
981,"Component-Whole(e2,e1)"
982,Other
983,"Cause-Effect(e2,e1)"
984,"Component-Whole(e1,e2)"
985,
986,
987,
988,Other
989,"Entity-Destination(e1,e2)"
990,"Entity-Origin(e1,e2)"
991,"Message-Topic(e2,e1)"
992,
993,"Instrument-Agency(e1,e2)"
994,"Content-Container(e1,e2)"
995,
996,"Component-Whole(e1,e2)"
997,Other
998,Other
999,"Entity-Origin(e1,e2)"
1000,"Member-Collection(e2,e1)"
1001,"Component-Whole(e2,e1)"
1002,"Content-Container(e1,e2)"
1003,Other
1004,"Entity-Origin(e1,e2)"
1005,"Entity-Destination(e1,e2)"
1006,"Cause-Effect(e2,e1)"
1007,Other
1008,
1009,Other
1010,"Cause-Effect(e2,e1)"
1011,"Cause-Effect(e2,e1)"
1012,"Instrument-Agency(e1,e2)"
1013,
1014,Other
1015,"Message-Topic(e1,e2)"
1016,"Cause-Effect(e2,e1)"
1017,"Member-Collection(e2,e1)"
1018,"Cause-Effect(e2,e1)"
1019,
1020,"Component-Whole(e1,e2)"
1021,"Message-Topic(e1,e2)"
1022,Other
1023,"Component-Whole(e1,e2)"
1024,"Member-Collection(e2,e1)"
1025,"Instrument-Agency(e2,e1)"
1026,Other
1027,"Member-Collection(e2,e1)"
1028,"Message-Topic(e2,e1)"
1029,
1030,"Message-Topic(e1,e2)"
1031,Other
1032,"Component-Whole(e2,e1)"
1033,"Cause-Effect(e2,e1)"
1034,
1035,
1036,"Product-Producer(e1,e2)"
1037,"Entity-Origin(e1,e2)"
1038,"Cause-Effect(e2,e1)"
1039,Other
1040,
1041,"Component-Whole(e2,e1)"
1042,"Entity-Origin(e1,e2)"
1043,"Cause-Effect(e2,e1)"
1044,"Message-Topic(e1,e2)"
1045,Other
1046,"Component-Whole(e1,e2)"
1047,"Cause-Effect(e2,e1)"
1048,"Entity-Origin(e1,e2)"
1049,Other
1050,"Cause-Effect(e1,e2)"
1051,
1052,Other
1053,"Message-Topic(e2,e1)"
1054,
1055,
1056,
1057,"Instrument-Agency(e2,e1)"
1058,"Product-Producer(e2,e1)"
1059,"Product-Producer(e2,e1)"
1060,"Component-Whole(e2,e1)"
1061,
1062,"Product-Producer(e1,e2)"
1063,"Component-Whole(e1,e2)"
1064,"Cause-Effect(e2,e1)"
1065,Other
1066,"Entity-Origin(e1,e2)"
1067,"Message-Topic(e2,e1)"
1068,"Content-Container(e2,e1)"
1069,
1070,"Cause-Effect(e2,e1)"
1071,"Component-Whole(e1,e2)"
1072,"Entity-Destination(e1,e2)"
1073,
1074,
1075,"Entity-Origin(e1,e2)"
1076,"Entity-Origin(e1,e2)"
1077,Other
1078,
1079,
1080,
1081,"Message-Topic(e1,e2)"
1082,"Component-Whole(e2,e1)"
1083,
1084,"Message-Topic(e1,e2)"
1085,"Entity-Origin(e2,e1)"
1086,"Entity-Destination(e1,e2)"
1087,
1088,Other
1089,"Cause-Effect(e2,e1)"
1090,"Product-Producer(e2,e1)"
1091,
1092,Other
1093,
1094,"Component-Whole(e2,e1)"
1095,"Component-Whole(e2,e1)"
1096,
1097,"Entity-Destination(e1,e2)"
1098,"Entity-Destination(e1,e2)"
1099,Other
1100,"Entity-Destination(e1,e2)"
1101,
1102,"Instrument-Agency(e2,e1)"
1103,"Message-Topic(e1,e2)"
1104,"Product-Producer(e2,e1)"
1105,"Entity-Destination(e1,e2)"
1106,"Product-Producer(e2,e1)"
1107,"Message-Topic(e1,e2)"
1108,"Entity-Origin(e1,e2)"
1109,"Content-Container(e1,e2)"
1110,
1111,"Message-Topic(e1,e2)"
1112,"Entity-Origin(e1,e2)"
1113,"Message-Topic(e1,e2)"
1114,
1115,"Content-Container(e1,e2)"
1116,"Content-Container(e1,e2)"
1117,"Content-Container(e2,e1)"
1118,
1119,"Component-Whole(e1,e2)"
1120,"Component-Whole(e1,e2)"
1121,"Product-Producer(e1,e2)"
1122,"Component-Whole(e1,e2)"
1123,"Entity-Origin(e2,e1)"
1124,"Entity-Destination(e1,e2)"
1125,Other
1126,"Instrument-Agency(e1,e2)"
1127,Other
1128,"Entity-Origin(e1,e2)"
1129,Other
1130,Other
1131,"Content-Container(e1,e2)"
1132,Other
1133,Other
1134,"Entity-Destination(e1,e2)"
1135,Other
1136,"Product-Producer(e1,e2)"
1137,"Component-Whole(e2,e1)"
1138,"Product-Producer(e2,e1)"
1139,"Member-Collection(e2,e1)"
1140,"Message-Topic(e1,e2)"
1141,"Component-Whole(e2,e1)"
1142,Other
1143,
1144,
1145,Other
1146,Other
1147,"Content-Container(e1,e2)"
1148,"Message-Topic(e1,e2)"
1149,"Entity-Origin(e2,e1)"
1150,"Message-Topic(e2,e1)"
1151,"Component-Whole(e1,e2)"
1152,
1153,"Member-Collection(e2,e1)"
1154,"Component-Whole(e2,e1)"
1155,"Content-Container(e1,e2)"
1156,"Entity-Origin(e1,e2)"
1157,"Cause-Effect(e2,e1)"
1158,Other
1159,"Product-Producer(e1,e2)"
1160,"Cause-Effect(e1,e2)"
1161,"Entity-Destination(e1,e2)"
1162,"Cause-Effect(e2,e1)"
1163,Other
1164,"Member-Collection(e2,e1)"
1165,"Component-Whole(e2,e1)"
1166,"Member-Collection(e2,e1)"
1167,"Member-Collection(e1,e2)"
1168,"Cause-Effect(e2,e1)"
1169,"Product-Producer(e2,e1)"
1170,Other
1171,"Cause-Effect(e2,e1)"
1172,Other
1173,
1174,"Content-Container(e2,e1)"
1175,Other
1176,"Entity-Destination(e1,e2)"
1177,"Component-Whole(e1,e2)"
1178,"Entity-Destination(e1,e2)"
1179,"Member-Collection(e2,e1)"
1180,"Cause-Effect(e2,e1)"
1181,"Product-Producer(e2,e1)"
1182,
1183,Other
1184,
1185,
1186,
1187,Other
1188,Other
1189,
1190,"Component-Whole(e2,e1)"
1191,"Component-Whole(e1,e2)"
1192,"Entity-Origin(e1,e2)"
1193,
1194,"Member-Collection(e1,e2)"
1195,"Entity-Destination(e1,e2)"
1196,"Product-Producer(e2,e1)"
1197,"Entity-Destination(e1,e2)"
1198,Other
1199,"Cause-Effect(e1,e2)"
1200,
1201,"Component-Whole(e1,e2)"
1202,"Cause-Effect(e2,e1)"
1203,
1204,"Product-Producer(e2,e1)"
1205,"Entity-Destination(e1,e2)"
1206,"Product-Producer(e1,e2)"
1207,"Content-Container(e2,e1)"
1208,"Cause-Effect(e2,e1)"
1209,Other
1210,"Message-Topic(e1,e2)"
1211,"Entity-Destination(e1,e2)"
1212,"Member-Collection(e2,e1)"
1213,"Cause-Effect(e2,e1)"
1214,
1215,"Content-Container(e1,e2)"
1216,Other
1217,"Cause-Effect(e2,e1)"
1218,
1219,"Entity-Origin(e1,e2)"
1220,Other
1221,
1222,"Product-Producer(e2,e1)"
1223,"Message-Topic(e1,e2)"
1224,"Component-Whole(e1,e2)"
1225,"Cause-Effect(e2,e1)"
1226,Other
1227,"Component-Whole(e2,e1)"
1228,"Entity-Destination(e1,e2)"
1229,"Cause-Effect(e2,e1)"
1230,"Cause-Effect(e2,e1)"
1231,
1232,"Member-Collection(e2,e1)"
1233,
1234,"Message-Topic(e1,e2)"
1235,"Member-Collection(e2,e1)"
1236,"Cause-Effect(e2,e1)"
1237,Other
1238,Other
1239,"Entity-Origin(e1,e2)"
1240,Other
1241,"Cause-Effect(e1,e2)"
1242,"Content-Container(e1,e2)"
1243,"Entity-Destination(e1,e2)"
1244,
1245,
1246,"Cause-Effect(e2,e1)"
1247,"Entity-Origin(e1,e2)"
1248,Other
1249,"Content-Container(e1,e2)"
1250,"Product-Producer(e1,e2)"
1251,"Product-Producer(e2,e1)"
1252,"Entity-Destination(e1,e2)"
1253,"Product-Producer(e2,e1)"
1254,"Cause-Effect(e2,e1)"
1255,"Product-Producer(e1,e2)"
1256,
1257,"Cause-Effect(e2,e1)"
1258,"Content-Container(e1,e2)"
1259,"Entity-Origin(e1,e2)"
1260,Other
1261,"Entity-Origin(e1,e2)"
1262,"Entity-Destination(e1,e2)"
1263,
1264,"Cause-Effect(e2,e1)"
1265,"Component-Whole(e1,e2)"
1266,"Message-Topic(e1,e2)"
1267,"Entity-Destination(e1,e2)"
1268,"Member-Collection(e2,e1)"
1269,"Component-Whole(e1,e2)"
1270,"Member-Collection(e1,e2)"
1271,Other
1272,"Entity-Origin(e1,e2)"
1273,
1274,"Member-Collection(e1,e2)"
1275,"Cause-Effect(e2,e1)"
1276,Other
1277,
1278,"Member-Collection(e2,e1)"
1279,
1280,
1281,"Instrument-Agency(e2,e1)"
1282,Other
1283,"Member-Collection(e2,e1)"
1284,"Entity-Origin(e1,e2)"
1285,"Product-Producer(e1,e2)"
1286,
1287,"Message-Topic(e2,e1)"
1288,"Instrument-Agency(e2,e1)"
1289,Other
1290,"Message-Topic(e1,e2)"
1291,
1292,"Entity-Destination(e1,e2)"
1293,"Component-Whole(e2,e1)"
1294,Other
1295,"Member-Collection(e2,e1)"
1296,"Content-Container(e1,e2)"
1297,Other
1298,
1299,"Cause-Effect(e1,e2)"
1300,"Product-Producer(e1,e2)"
1301,"Component-Whole(e1,e2)"
1302,"Cause-Effect(e2,e1)"
1303,
1304,"Product-Producer(e2,e1)"
1305,
1306,
1307,"Product-Producer(e2,e1)"
1308,Other
1309,"Entity-Origin(e1,e2)"
1310,"Entity-Origin(e1,e2)"
1311,"Cause-Effect(e2,e1)"
1312,
1313,"Cause-Effect(e2,e1)"
1314,"Member-Collection(e2,e1)"
1315,"Instrument-Agency(e2,e1)"
1316,"Cause-Effect(e2,e1)"
1317,"Member-Collection(e2,e1)"
1318,"Component-Whole(e2,e1)"
1319,
1320,"Message-Topic(e1,e2)"
1321,"Entity-Origin(e1,e2)"
1322,Other
1323,
1324,Other
1325,"Component-Whole(e2,e1)"
1326,Other
1327,"Component-Whole(e1,e2)"
1328,
1329,Other
1330,Other
1331,"Entity-Origin(e1,e2)"
1332,"Member-Collection(e2,e1)"
1333,
1334,
1335,Other
1336,Other
1337,
1338,"Cause-Effect(e2,e1)"
1339,"Entity-Origin(e2,e1)"
1340,"Member-Collection(e2,e1)"
1341,"Entity-Origin(e2,e1)"
1342,"Entity-Origin(e1,e2)"
1343,Other
1344,"Component-Whole(e2,e1)"
1345,"Instrument-Agency(e2,e1)"
1346,
1347,"Product-Producer(e1,e2)"
1348,"Component-Whole(e2,e1)"
1349,"Entity-Origin(e1,e2)"
1350,"Entity-Origin(e1,e2)"
1351,
1352,
1353,"Member-Collection(e2,e1)"
1354,"Message-Topic(e1,e2)"
1355,"Member-Collection(e2,e1)"
1356,"Component-Whole(e2,e1)"
1357,Other
1358,"Component-Whole(e2,e1)"
1359,
1360,
1361,
1362,"Cause-Effect(e1,e2)"
1363,
1364,"Instrument-Agency(e2,e1)"
1365,Other
1366,"Entity-Destination(e1,e2)"
1367,"Product-Producer(e1,e2)"
1368,Other
1369,
1370,
1371,"Product-Producer(e2,e1)"
1372,
1373,Other
1374,Other
1375,
1376,"Entity-Destination(e1,e2)"
1377,"Cause-Effect(e1,e2)"
1378,Other
1379,"Component-Whole(e1,e2)"
1380,Other
1381,
1382,"Component-Whole(e1,e2)"
1383,
1384,"Message-Topic(e1,e2)"
1385,
1386,"Member-Collection(e2,e1)"
1387,"Component-Whole(e1,e2)"
1388,Other
1389,
1390,"Product-Producer(e1,e2)"
1391,
1392,Other
1393,"Instrument-Agency(e1,e2)"
1394,"Entity-Destination(e1,e2)"
1395,"Entity-Origin(e1,e2)"
1396,
1397,"Member-Collection(e2,e1)"
1398,"Member-Collection(e2,e1)"
1399,"Member-Collection(e2,e1)"
1400,
1401,"Entity-Destination(e1,e2)"
1402,Other
1403,"Cause-Effect(e2,e1)"
1404,"Component-Whole(e1,e2)"
1405,"Product-Producer(e1,e2)"
1406,"Member-Collection(e2,e1)"
1407,"Component-Whole(e1,e2)"
1408,
1409,"Product-Producer(e1,e2)"
1410,Other
1411,"Message-Topic(e1,e2)"
1412,"Entity-Destination(e1,e2)"
1413,"Entity-Destination(e1,e2)"
1414,"Cause-Effect(e2,e1)"
1415,"Component-Whole(e1,e2)"
1416,"Message-Topic(e1,e2)"
1417,"Instrument-Agency(e2,e1)"
1418,
1419,"Component-Whole(e2,e1)"
1420,
1421,Other
1422,
1423,"Component-Whole(e2,e1)"
1424,"Component-Whole(e1,e2)"
1425,Other
1426,Other
1427,"Entity-Origin(e1,e2)"
1428,"Content-Container(e1,e2)"
1429,"Entity-Origin(e1,e2)"
1430,"Entity-Destination(e1,e2)"
1431,"Content-Container(e2,e1)"
1432,"Message-Topic(e1,e2)"
1433,"Cause-Effect(e2,e1)"
1434,"Product-Producer(e1,e2)"
1435,"Component-Whole(e2,e1)"
1436,"Entity-Origin(e2,e1)"
1437,"Product-Producer(e1,e2)"
1438,"Message-Topic(e1,e2)"
1439,"Message-Topic(e1,e2)"
1440,"Product-Producer(e2,e1)"
1441,"Cause-Effect(e2,e1)"
1442,"Entity-Origin(e1,e2)"
1443,"Component-Whole(e1,e2)"
1444,Other
1445,"Instrument-Agency(e2,e1)"
1446,
1447,Other
1448,
1449,"Cause-Effect(e2,e1)"
1450,
1451,
1452,"Member-Collection(e2,e1)"
1453,"Component-Whole(e1,e2)"
1454,"Content-Container(e2,e1)"
1455,"Entity-Origin(e1,e2)"
1456,"Message-Topic(e1,e2)"
1457,Other
1458,Other
1459,"Product-Producer(e1,e2)"
1460,"Product-Producer(e2,e1)"
1461,Other
1462,"Entity-Destination(e1,e2)"
1463,Other
1464,"Component-Whole(e2,e1)"
1465,Other
1466,
1467,"Product-Producer(e2,e1)"
1468,Other
1469,Other
1470,"Entity-Origin(e1,e2)"
1471,"Product-Producer(e2,e1)"
1472,"Cause-Effect(e2,e1)"
1473,
1474,"Product-Producer(e2,e1)"
1475,"Message-Topic(e1,e2)"
1476,"Content-Container(e1,e2)"
1477,
1478,
1479,
1480,
1481,
1482,Other
1483,
1484,"Content-Container(e1,e2)"
1485,Other
1486,"Entity-Origin(e1,e2)"
1487,"Cause-Effect(e2,e1)"
1488,"Product-Producer(e1,e2)"
1489,"Message-Topic(e2,e1)"
1490,"Component-Whole(e2,e1)"
1491,"Component-Whole(e2,e1)"
1492,"Content-Container(e1,e2)"
1493,Other
1494,"Component-Whole(e1,e2)"
1495,"Cause-Effect(e1,e2)"
1496,
1497,
1498,"Component-Whole(e2,e1)"
1499,"Message-Topic(e2,e1)"
1500,"Component-Whole(e1,e2)"
1501,
1502,"Product-Producer(e2,e1)"
1503,"Message-Topic(e1,e2)"
1504,"Instrument-Agency(e2,e1)"
1505,"Cause-Effect(e2,e1)"
1506,"Member-Collection(e2,e1)"
1507,"Content-Container(e1,e2)"
1508,"Product-Producer(e2,e1)"
1509,Other
1510,
1511,"Product-Producer(e1,e2)"
1512,
1513,"Entity-Origin(e1,e2)"
1514,
1515,Other
1516,"Entity-Destination(e1,e2)"
1517,"Entity-Destination(e1,e2)"
1518,"Component-Whole(e1,e2)"
1519,"Member-Collection(e2,e1)"
1520,"Entity-Destination(e1,e2)"
1521,
1522,
1523,
1524,"Entity-Origin(e1,e2)"
1525,
1526,
1527,Other
1528,
1529,
1530,"Member-Collection(e2,e1)"
1531,
1532,"Cause-Effect(e2,e1)"
1533,"Message-Topic(e1,e2)"
1534,
1535,
1536,"Entity-Destination(e1,e2)"
1537,"Instrument-Agency(e2,e1)"
1538,"Message-Topic(e2,e1)"
1539,Other
1540,
1541,"Cause-Effect(e2,e1)"
1542,"Cause-Effect(e2,e1)"
1543,"Component-Whole(e2,e1)"
1544,
1545,
1546,Other
1547,"Content-Container(e1,e2)"
1548,"Component-Whole(e2,e1)"
1549,"Product-Producer(e2,e1)"
1550,"Entity-Origin(e2,e1)"
1551,"Component-Whole(e2,e1)"
1552,"Entity-Destination(e1,e2)"
1553,"Product-Producer(e1,e2)"
1554,"Product-Producer(e2,e1)"
1555,"Member-Collection(e2,e1)"
1556,"Component-Whole(e1,e2)"
1557,"Member-Collection(e1,e2)"
1558,
1559,
1560,Other
1561,"Cause-Effect(e2,e1)"
1562,
1563,
1564,"Entity-Origin(e1,e2)"
1565,
1566,
1567,"Message-Topic(e1,e2)"
1568,"Cause-Effect(e2,e1)"
1569,Other
1570,"Entity-Destination(e1,e2)"
1571,Other
1572,"Entity-Origin(e2,e1)"
1573,"Entity-Destination(e1,e2)"
1574,"Cause-Effect(e2,e1)"
1575,Other
1576,"Component-Whole(e2,e1)"
1577,"Entity-Origin(e1,e2)"
1578,Other
1579,"Cause-Effect(e2,e1)"
1580,"Message-Topic(e1,e2)"
1581,"Member-Collection(e2,e1)"
1582,
1583,"Product-Producer(e1,e2)"
1584,Other
1585,"Message-Topic(e1,e2)"
1586,"Content-Container(e1,e2)"
1587,"Cause-Effect(e2,e1)"
1588,"Cause-Effect(e2,e1)"
1589,"Message-Topic(e2,e1)"
1590,"Instrument-Agency(e2,e1)"
1591,Other
1592,"Product-Producer(e1,e2)"
1593,Other
1594,Other
1595,Other
1596,Other
1597,"Cause-Effect(e2,e1)"
1598,"Component-Whole(e1,e2)"
1599,
1600,"Member-Collection(e2,e1)"
1601,"Entity-Destination(e1,e2)"
1602,
1603,"Entity-Origin(e2,e1)"
1604,"Entity-Origin(e2,e1)"
1605,"Entity-Origin(e2,e1)"
1606,"Component-Whole(e1,e2)"
1607,"Entity-Origin(e1,e2)"
1608,
1609,"Entity-Destination(e1,e2)"
1610,"Product-Producer(e1,e2)"
1611,"Entity-Origin(e2,e1)"
1612,"Cause-Effect(e2,e1)"
1613,
1614,"Instrument-Agency(e2,e1)"
1615,"Instrument-Agency(e2,e1)"
1616,"Product-Producer(e1,e2)"
1617,"Product-Producer(e2,e1)"
1618,Other
1619,"Member-Collection(e2,e1)"
1620,"Cause-Effect(e2,e1)"
1621,"Cause-Effect(e2,e1)"
1622,
1623,
1624,"Product-Producer(e2,e1)"
1625,"Component-Whole(e2,e1)"
1626,
1627,"Entity-Origin(e1,e2)"
1628,"Entity-Destination(e1,e2)"
1629,"Message-Topic(e1,e2)"
1630,"Member-Collection(e1,e2)"
1631,"Cause-Effect(e2,e1)"
1632,"Message-Topic(e1,e2)"
1633,Other
1634,"Message-Topic(e2,e1)"
1635,Other
1636,
1637,"Product-Producer(e1,e2)"
1638,Other
1639,"Component-Whole(e2,e1)"
1640,Other
1641,"Entity-Origin(e1,e2)"
1642,"Component-Whole(e1,e2)"
1643,"Entity-Destination(e1,e2)"
1644,"Cause-Effect(e1,e2)"
1645,
1646,"Component-Whole(e2,e1)"
1647,Other
1648,"Cause-Effect(e2,e1)"
1649,"Cause-Effect(e2,e1)"
1650,"Component-Whole(e2,e1)"
1651,"Entity-Destination(e1,e2)"
1652,"Entity-Origin(e2,e1)"
1653,
1654,
1655,"Cause-Effect(e2,e1)"
1656,"Entity-Destination(e1,e2)"
1657,"Member-Collection(e2,e1)"
1658,"Component-Whole(e1,e2)"
1659,Other
1660,"Component-Whole(e1,e2)"
1661,
1662,"Message-Topic(e1,e2)"
1663,
1664,"Entity-Origin(e1,e2)"
1665,"Message-Topic(e1,e2)"
1666,"Entity-Destination(e1,e2)"
1667,"Product-Producer(e2,e1)"
1668,"Product-Producer(e2,e1)"
1669,
1670,
1671,"Cause-Effect(e2,e1)"
1672,"Entity-Destination(e1,e2)"
1673,"Component-Whole(e1,e2)"
1674,
1675,Other
1676,
1677,
1678,"Cause-Effect(e2,e1)"
1679,
1680,Other
1681,Other
1682,"Entity-Destination(e1,e2)"
1683,"Entity-Destination(e1,e2)"
1684,"Cause-Effect(e1,e2)"
1685,
1686,"Cause-Effect(e2,e1)"
1687,
1688,"Entity-Origin(e1,e2)"
1689,Other
1690,
1691,"Instrument-Agency(e1,e2)"
1692,"Component-Whole(e2,e1)"
1693,
1694,"Entity-Destination(e1,e2)"
1695,
1696,"Product-Producer(e2,e1)"
1697,"Content-Container(e1,e2)"
1698,
1699,"Member-Collection(e2,e1)"
1700,"Entity-Destination(e1,e2)"
1701,"Entity-Origin(e1,e2)"
1702,
1703,
1704,
1705,"Entity-Origin(e2,e1)"
1706,
1707,"Entity-Origin(e1,e2)"
1708,"Entity-Destination(e1,e2)"
1709,Other
1710,"Product-Producer(e1,e2)"
1711,Other
1712,"Component-Whole(e1,e2)"
1713,"Cause-Effect(e2,e1)"
1714,"Component-Whole(e2,e1)"
1715,Other
1716,"Product-Producer(e1,e2)"
1717,"Entity-Origin(e1,e2)"
1718,"Content-Container(e2,e1)"
1719,"Entity-Destination(e1,e2)"
1720,"Component-Whole(e1,e2)"
1721,"Message-Topic(e2,e1)"
1722,"Cause-Effect(e1,e2)"
1723,Other
1724,"Entity-Origin(e1,e2)"
1725,"Cause-Effect(e2,e1)"
1726,"Member-Collection(e2,e1)"
1727,"Entity-Origin(e1,e2)"
1728,"Cause-Effect(e2,e1)"
1729,"Member-Collection(e2,e1)"
1730,Other
1731,Other
1732,
1733,"Content-Container(e1,e2)"
1734,"Instrument-Agency(e2,e1)"
1735,Other
1736,"Component-Whole(e1,e2)"
1737,"Product-Producer(e1,e2)"
1738,"Component-Whole(e2,e1)"
1739,
1740,"Entity-Destination(e1,e2)"
1741,"Cause-Effect(e2,e1)"
1742,Other
1743,
1744,"Component-Whole(e1,e2)"
1745,"Component-Whole(e1,e2)"
1746,"Message-Topic(e1,e2)"
1747,"Product-Producer(e1,e2)"
1748,"Cause-Effect(e2,e1)"
1749,"Message-Topic(e1,e2)"
1750,"Entity-Destination(e1,e2)"
1751,"Entity-Destination(e1,e2)"
1752,"Product-Producer(e1,e2)"
1753,"Member-Collection(e2,e1)"
1754,"Member-Collection(e2,e1)"
1755,"Member-Collection(e2,e1)"
1756,
1757,Other
1758,Other
1759,"Component-Whole(e1,e2)"
1760,"Content-Container(e1,e2)"
1761,"Cause-Effect(e1,e2)"
1762,Other
1763,Other
1764,
1765,"Cause-Effect(e1,e2)"
1766,
1767,"Member-Collection(e2,e1)"
1768,"Component-Whole(e1,e2)"
1769,"Product-Producer(e2,e1)"
1770,Other
1771,"Entity-Origin(e1,e2)"
1772,
1773,"Entity-Destination(e1,e2)"
1774,"Cause-Effect(e2,e1)"
1775,
1776,Other
1777,
1778,"Entity-Destination(e1,e2)"
1779,"Member-Collection(e2,e1)"
1780,"Product-Producer(e2,e1)"
1781,"Cause-Effect(e2,e1)"
1782,"Product-Producer(e1,e2)"
1783,"Entity-Destination(e1,e2)"
1784,"Entity-Origin(e2,e1)"
1785,"Cause-Effect(e2,e1)"
1786,"Cause-Effect(e2,e1)"
1787,Other
1788,"Entity-Origin(e1,e2)"
1789,
1790,
1791,"Component-Whole(e2,e1)"
1792,"Cause-Effect(e1,e2)"
1793,
1794,
1795,"Message-Topic(e1,e2)"
1796,"Cause-Effect(e2,e1)"
1797,"Component-Whole(e2,e1)"
1798,"Message-Topic(e1,e2)"
1799,"Message-Topic(e1,e2)"
1800,"Member-Collection(e2,e1)"
1801,"Entity-Destination(e1,e2)"
1802,Other
1803,
1804,"Instrument-Agency(e2,e1)"
1805,Other
1806,Other
1807,"Entity-Origin(e1,e2)"
1808,
1809,"Member-Collection(e2,e1)"
1810,"Instrument-Agency(e2,e1)"
1811,"Cause-Effect(e1,e2)"
1812,"Content-Container(e1,e2)"
1813,"Cause-Effect(e2,e1)"
1814,"Member-Collection(e2,e1)"
1815,"Instrument-Agency(e2,e1)"
1816,
1817,"Entity-Destination(e1,e2)"
1818,
1819,Other
1820,Other
1821,Other
1822,
1823,"Message-Topic(e1,e2)"
1824,"Instrument-Agency(e2,e1)"
1825,"Content-Container(e2,e1)"
1826,Other
1827,"Product-Producer(e2,e1)"
1828,Other
1829,"Message-Topic(e1,e2)"
1830,"Entity-Origin(e1,e2)"
1831,Other
1832,"Entity-Destination(e1,e2)"
1833,"Entity-Destination(e1,e2)"
1834,"Message-Topic(e1,e2)"
1835,"Cause-Effect(e1,e2)"
1836,"Product-Producer(e2,e1)"
1837,"Cause-Effect(e2,e1)"
1838,"Entity-Destination(e1,e2)"
1839,
1840,Other
1841,
1842,"Message-Topic(e1,e2)"
1843,"Content-Container(e1,e2)"
1844,"Component-Whole(e1,e2)"
1845,"Product-Producer(e2,e1)"
1846,"Member-Collection(e2,e1)"
1847,"Message-Topic(e1,e2)"
1848,"Content-Container(e1,e2)"
1849,"Entity-Destination(e1,e2)"
1850,
1851,"Message-Topic(e1,e2)"
1852,
1853,"Member-Collection(e2,e1)"
1854,Other
1855,
1856,"Entity-Destination(e1,e2)"
1857,"Entity-Destination(e1,e2)"
1858,Other
1859,"Cause-Effect(e2,e1)"
1860,"Content-Container(e1,e2)"
1861,
1862,Other
1863,"Cause-Effect(e2,e1)"
1864,"Cause-Effect(e2,e1)"
1865,"Entity-Origin(e2,e1)"
1866,Other
1867,"Cause-Effect(e1,e2)"
1868,"Cause-Effect(e1,e2)"
1869,"Cause-Effect(e2,e1)"
1870,Other
1871,"Product-Producer(e1,e2)"
1872,"Cause-Effect(e2,e1)"
1873,
1874,"Instrument-Agency(e2,e1)"
1875,
1876,Other
1877,"Cause-Effect(e1,e2)"
1878,
1879,"Entity-Origin(e1,e2)"
1880,"Entity-Destination(e1,e2)"
1881,Other
1882,
1883,
1884,"Member-Collection(e2,e1)"
1885,"Instrument-Agency(e2,e1)"
1886,"Entity-Destination(e1,e2)"
1887,
1888,
1889,Other
1890,"Component-Whole(e2,e1)"
1891,"Entity-Origin(e1,e2)"
1892,
1893,"Entity-Origin(e1,e2)"
1894,"Cause-Effect(e2,e1)"
1895,"Member-Collection(e2,e1)"
1896,"Cause-Effect(e1,e2)"
1897,"Product-Producer(e1,e2)"
1898,"Instrument-Agency(e2,e1)"
1899,Other
1900,Other
1901,"Message-Topic(e2,e1)"
1902,"Message-Topic(e2,e1)"
1903,
1904,"Entity-Origin(e1,e2)"
1905,"Member-Collection(e2,e1)"
1906,
1907,"Component-Whole(e1,e2)"
1908,
1909,"Entity-Destination(e1,e2)"
1910,"Product-Producer(e1,e2)"
1911,
1912,Other
1913,"Content-Container(e1,e2)"
1914,"Product-Producer(e1,e2)"
1915,"Component-Whole(e1,e2)"
1916,Other
1917,"Entity-Origin(e1,e2)"
1918,"Cause-Effect(e1,e2)"
1919,"Instrument-Agency(e1,e2)"
1920,"Entity-Destination(e1,e2)"
1921,"Component-Whole(e1,e2)"
1922,"Component-Whole(e2,e1)"
1923,"Component-Whole(e1,e2)"
1924,"Cause-Effect(e1,e2)"
1925,"Cause-Effect(e2,e1)"
1926,"Product-Producer(e1,e2)"
1927,"Instrument-Agency(e2,e1)"
1928,"Product-Producer(e2,e1)"
1929,"Entity-Origin(e1,e2)"
1930,
1931,
1932,Other
1933,
1934,"Cause-Effect(e2,e1)"
1935,"Entity-Origin(e1,e2)"
1936,"Entity-Destination(e1,e2)"
1937,
1938,Other
1939,"Cause-Effect(e2,e1)"
1940,"Component-Whole(e1,e2)"
1941,"Product-Producer(e1,e2)"
1942,"Cause-Effect(e1,e2)"
1943,"Member-Collection(e2,e1)"
1944,"Content-Container(e1,e2)"
1945,"Content-Container(e1,e2)"
1946,
1947,
1948,Other
1949,"Cause-Effect(e2,e1)"
1950,"Component-Whole(e2,e1)"
1951,
1952,"Entity-Origin(e1,e2)"
1953,Other
1954,"Entity-Origin(e1,e2)"
1955,
1956,"Component-Whole(e2,e1)"
1957,"Entity-Destination(e1,e2)"
1958,"Component-Whole(e2,e1)"
1959,"Message-Topic(e2,e1)"
1960,"Member-Collection(e2,e1)"
1961,"Entity-Origin(e2,e1)"
1962,
1963,"Entity-Destination(e1,e2)"
1964,"Message-Topic(e1,e2)"
1965,"Component-Whole(e2,e1)"
1966,"Entity-Origin(e1,e2)"
1967,
1968,"Entity-Origin(e1,e2)"
1969,"Cause-Effect(e1,e2)"
1970,"Component-Whole(e1,e2)"
1971,"Product-Producer(e1,e2)"
1972,"Entity-Origin(e1,e2)"
1973,"Member-Collection(e2,e1)"
1974,"Product-Producer(e2,e1)"
1975,"Entity-Origin(e1,e2)"
1976,"Cause-Effect(e2,e1)"
1977,
1978,Other
1979,"Cause-Effect(e2,e1)"
1980,
1981,"Message-Topic(e1,e2)"
1982,Other
1983,Other
1984,"Message-Topic(e1,e2)"
1985,
1986,"Product-Producer(e1,e2)"
1987,"Cause-Effect(e2,e1)"
1988,"Entity-Origin(e1,e2)"
1989,"Instrument-Agency(e2,e1)"
1990,"Product-Producer(e1,e2)"
1991,
1992,
1993,"Entity-Origin(e2,e1)"
1994,"Message-Topic(e1,e2)"
1995,Other
1996,"Component-Whole(e1,e2)"
1997,"Product-Producer(e2,e1)"
1998,"Product-Producer(e2,e1)"
1999,"Entity-Destination(e1,e2)"
2000,"Entity-Destination(e1,e2)"
2001,"Entity-Origin(e1,e2)"
2002,"Cause-Effect(e2,e1)"
2003,"Instrument-Agency(e2,e1)"
2004,"Entity-Destination(e1,e2)"
2005,"Entity-Origin(e1,e2)"
2006,Other
2007,
2008,"Message-Topic(e1,e2)"
2009,"Member-Collection(e2,e1)"
2010,"Product-Producer(e1,e2)"
2011,Other
2012,Other
2013,"Component-Whole(e2,e1)"
2014,"Component-Whole(e2,e1)"
2015,Other
2016,"Product-Producer(e1,e2)"
2017,"Member-Collection(e2,e1)"
2018,Other
2019,Other
2020,"Component-Whole(e2,e1)"
2021,"Entity-Origin(e2,e1)"
2022,"Member-Collection(e2,e1)"
2023,"Entity-Origin(e1,e2)"
2024,"Entity-Origin(e1,e2)"
2025,
2026,"Entity-Destination(e1,e2)"
2027,"Product-Producer(e2,e1)"
2028,
2029,"Entity-Destination(e1,e2)"
2030,Other
2031,Other
2032,"Product-Producer(e2,e1)"
2033,Other
2034,"Component-Whole(e2,e1)"
2035,Other
2036,"Message-Topic(e1,e2)"
2037,"Cause-Effect(e2,e1)"
2038,"Message-Topic(e1,e2)"
2039,"Entity-Destination(e1,e2)"
2040,"Cause-Effect(e2,e1)"
2041,"Product-Producer(e2,e1)"
2042,
2043,"Content-Container(e1,e2)"
2044,"Content-Container(e1,e2)"
2045,Other
2046,"Entity-Origin(e2,e1)"
2047,"Component-Whole(e2,e1)"
2048,
2049,"Instrument-Agency(e1,e2)"
2050,
2051,"Cause-Effect(e2,e1)"
2052,Other
2053,"Member-Collection(e2,e1)"
2054,"Entity-Origin(e1,e2)"
2055,Other
2056,"Instrument-Agency(e2,e1)"
2057,"Component-Whole(e2,e1)"
2058,"Product-Producer(e2,e1)"
2059,"Component-Whole(e1,e2)"
2060,Other
2061,"Message-Topic(e2,e1)"
2062,
2063,"Product-Producer(e2,e1)"
2064,"Member-Collection(e2,e1)"
2065,"Content-Container(e1,e2)"
2066,
2067,"Cause-Effect(e2,e1)"
2068,"Entity-Origin(e1,e2)"
2069,
2070,"Component-Whole(e1,e2)"
2071,"Product-Producer(e2,e1)"
2072,
2073,"Entity-Destination(e1,e2)"
2074,
2075,
2076,"Entity-Origin(e1,e2)"
2077,"Product-Producer(e1,e2)"
2078,"Entity-Destination(e1,e2)"
2079,"Instrument-Agency(e2,e1)"
2080,"Component-Whole(e1,e2)"
2081,"Entity-Destination(e1,e2)"
2082,"Cause-Effect(e2,e1)"
2083,
2084,Other
2085,"Instrument-Agency(e2,e1)"
2086,
2087,Other
2088,
2089,"Product-Producer(e1,e2)"
2090,Other
2091,"Message-Topic(e1,e2)"
2092,Other
2093,Other
2094,Other
2095,"Instrument-Agency(e2,e1)"
2096,
2097,"Component-Whole(e1,e2)"
2098,"Product-Producer(e2,e1)"
2099,"Cause-Effect(e2,e1)"
2100,"Component-Whole(e1,e2)"
2101,"Cause-Effect(e1,e2)"
2102,"Instrument-Agency(e1,e2)"
2103,
2104,"Cause-Effect(e2,e1)"
2105,"Content-Container(e1,e2)"
2106,"Component-Whole(e1,e2)"
2107,"Cause-Effect(e2,e1)"
2108,Other
2109,"Instrument-Agency(e2,e1)"
2110,"Entity-Origin(e2,e1)"
2111,
2112,
2113,"Entity-Destination(e1,e2)"
2114,"Entity-Origin(e2,e1)"
2115,"Component-Whole(e2,e1)"
2116,
2117,"Product-Producer(e2,e1)"
2118,"Product-Producer(e1,e2)"
2119,"Component-Whole(e2,e1)"
2120,"Member-Collection(e2,e1)"
2121,Other
2122,Other
2123,"Cause-Effect(e2,e1)"
2124,"Member-Collection(e2,e1)"
2125,"Message-Topic(e1,e2)"
2126,Other
2127,
2128,"Content-Container(e1,e2)"
2129,
2130,"Product-Producer(e2,e1)"
2131,"Cause-Effect(e2,e1)"
2132,"Member-Collection(e2,e1)"
2133,
2134,"Instrument-Agency(e2,e1)"
2135,"Product-Producer(e2,e1)"
2136,"Component-Whole(e2,e1)"
2137,"Entity-Origin(e1,e2)"
2138,Other
2139,"Instrument-Agency(e2,e1)"
2140,"Product-Producer(e2,e1)"
2141,"Component-Whole(e2,e1)"
2142,Other
2143,
