0,"Component-Whole(e1,e2)"
1,"Component-Whole(e2,e1)"
2,"Entity-Destination(e1,e2)"
3,"Entity-Origin(e1,e2)"
4,Other
5,"Instrument-Agency(e2,e1)"
6,"Entity-Origin(e1,e2)"
7,"Cause-Effect(e2,e1)"
8,"Instrument-Agency(e1,e2)"
9,"Instrument-Agency(e2,e1)"
10,"Component-Whole(e2,e1)"
11,"Component-Whole(e1,e2)"
12,Other
13,Other
14,"Instrument-Agency(e2,e1)"
15,"Message-Topic(e1,e2)"
16,"Entity-Destination(e1,e2)"
17,"Component-Whole(e2,e1)"
18,"Entity-Destination(e1,e2)"
19,"Entity-Origin(e2,e1)"
20,"Cause-Effect(e2,e1)"
21,"Cause-Effect(e2,e1)"
22,"Message-Topic(e1,e2)"
23,"Entity-Origin(e1,e2)"
24,"Cause-Effect(e2,e1)"
25,"Component-Whole(e1,e2)"
26,"Content-Container(e1,e2)"
27,"Cause-Effect(e2,e1)"
28,"Entity-Destination(e1,e2)"
29,"Instrument-Agency(e1,e2)"
30,"Instrument-Agency(e2,e1)"
31,"Content-Container(e2,e1)"
32,Other
33,Other
34,"Component-Whole(e1,e2)"
35,Other
36,"Cause-Effect(e2,e1)"
37,"Member-Collection(e2,e1)"
38,Other
39,Other
40,Other
41,Other
42,"Message-Topic(e1,e2)"
43,"Message-Topic(e2,e1)"
44,"Instrument-Agency(e1,e2)"
45,"Component-Whole(e2,e1)"
46,"Product-Producer(e1,e2)"
47,"Product-Producer(e1,e2)"
48,"Content-Container(e2,e1)"
49,"Instrument-Agency(e1,e2)"
50,Other
51,"Instrument-Agency(e2,e1)"
52,"Message-Topic(e1,e2)"
53,"Product-Producer(e2,e1)"
54,"Product-Producer(e2,e1)"
55,"Member-Collection(e2,e1)"
56,"Product-Producer(e1,e2)"
57,"Entity-Origin(e1,e2)"
58,"Cause-Effect(e2,e1)"
59,"Entity-Origin(e1,e2)"
60,"Cause-Effect(e2,e1)"
61,"Entity-Origin(e2,e1)"
62,"Content-Container(e1,e2)"
63,"Product-Producer(e1,e2)"
64,"Entity-Destination(e1,e2)"
65,"Entity-Destination(e1,e2)"
66,"Component-Whole(e1,e2)"
67,"Entity-Destination(e1,e2)"
68,"Member-Collection(e2,e1)"
69,"Product-Producer(e1,e2)"
70,"Product-Producer(e1,e2)"
71,"Component-Whole(e2,e1)"
72,"Cause-Effect(e2,e1)"
73,"Entity-Destination(e1,e2)"
74,"Entity-Destination(e1,e2)"
75,"Content-Container(e1,e2)"
76,"Entity-Origin(e1,e2)"
77,"Member-Collection(e2,e1)"
78,"Cause-Effect(e1,e2)"
79,"Product-Producer(e1,e2)"
80,"Instrument-Agency(e2,e1)"
81,"Component-Whole(e2,e1)"
82,"Entity-Origin(e1,e2)"
83,"Content-Container(e1,e2)"
84,Other
85,"Component-Whole(e1,e2)"
86,"Product-Producer(e1,e2)"
87,Other
88,"Product-Producer(e1,e2)"
89,"Instrument-Agency(e1,e2)"
90,"Entity-Origin(e1,e2)"
91,Other
92,"Entity-Destination(e1,e2)"
93,"Instrument-Agency(e1,e2)"
94,"Instrument-Agency(e2,e1)"
95,"Product-Producer(e1,e2)"
96,"Member-Collection(e2,e1)"
97,"Instrument-Agency(e1,e2)"
98,"Cause-Effect(e1,e2)"
99,"Entity-Origin(e1,e2)"
100,Other
101,"Entity-Origin(e1,e2)"
102,"Instrument-Agency(e1,e2)"
103,Other
104,Other
105,"Cause-Effect(e1,e2)"
106,"Component-Whole(e1,e2)"
107,"Product-Producer(e1,e2)"
108,"Entity-Destination(e1,e2)"
109,"Instrument-Agency(e1,e2)"
110,"Content-Container(e1,e2)"
111,"Instrument-Agency(e1,e2)"
112,"Entity-Origin(e1,e2)"
113,"Entity-Destination(e1,e2)"
114,"Product-Producer(e2,e1)"
115,"Instrument-Agency(e2,e1)"
116,"Content-Container(e2,e1)"
117,"Message-Topic(e1,e2)"
118,"Message-Topic(e1,e2)"
119,"Entity-Destination(e1,e2)"
120,"Cause-Effect(e2,e1)"
121,Other
122,"Component-Whole(e1,e2)"
123,"Entity-Destination(e1,e2)"
124,"Entity-Destination(e1,e2)"
125,"Message-Topic(e1,e2)"
126,"Member-Collection(e2,e1)"
127,"Component-Whole(e1,e2)"
128,"Entity-Origin(e1,e2)"
129,Other
130,Other
131,"Product-Producer(e2,e1)"
132,"Entity-Destination(e1,e2)"
133,"Product-Producer(e2,e1)"
134,"Instrument-Agency(e2,e1)"
135,"Message-Topic(e1,e2)"
136,"Content-Container(e1,e2)"
137,Other
138,Other
139,"Instrument-Agency(e1,e2)"
140,"Entity-Origin(e1,e2)"
141,"Member-Collection(e2,e1)"
142,"Member-Collection(e2,e1)"
143,"Content-Container(e2,e1)"
144,"Entity-Origin(e1,e2)"
145,"Message-Topic(e1,e2)"
146,"Entity-Destination(e1,e2)"
147,"Entity-Destination(e1,e2)"
148,Other
149,Other
150,"Component-Whole(e1,e2)"
151,"Member-Collection(e2,e1)"
152,"Cause-Effect(e1,e2)"
153,"Message-Topic(e2,e1)"
154,"Member-Collection(e2,e1)"
155,"Instrument-Agency(e2,e1)"
156,"Entity-Origin(e1,e2)"
157,"Content-Container(e2,e1)"
158,"Content-Container(e1,e2)"
159,"Product-Producer(e1,e2)"
160,"Instrument-Agency(e2,e1)"
161,"Component-Whole(e2,e1)"
162,Other
163,Other
164,"Product-Producer(e2,e1)"
165,"Member-Collection(e2,e1)"
166,Other
167,"Cause-Effect(e1,e2)"
168,"Component-Whole(e2,e1)"
169,"Product-Producer(e1,e2)"
170,"Entity-Origin(e1,e2)"
171,Other
172,"Message-Topic(e1,e2)"
173,"Member-Collection(e2,e1)"
174,"Product-Producer(e1,e2)"
175,"Entity-Destination(e1,e2)"
176,"Content-Container(e1,e2)"
177,"Content-Container(e1,e2)"
178,Other
179,"Instrument-Agency(e2,e1)"
180,"Instrument-Agency(e2,e1)"
181,Other
182,Other
183,"Content-Container(e1,e2)"
184,"Entity-Origin(e1,e2)"
185,"Entity-Destination(e1,e2)"
186,"Entity-Origin(e1,e2)"
187,"Entity-Origin(e1,e2)"
188,"Product-Producer(e1,e2)"
189,"Entity-Origin(e1,e2)"
190,"Instrument-Agency(e1,e2)"
191,"Entity-Origin(e1,e2)"
192,"Component-Whole(e2,e1)"
193,"Content-Container(e1,e2)"
194,"Component-Whole(e1,e2)"
195,"Component-Whole(e1,e2)"
196,Other
197,"Cause-Effect(e2,e1)"
198,"Member-Collection(e2,e1)"
199,"Message-Topic(e1,e2)"
200,Other
201,Other
202,"Member-Collection(e2,e1)"
203,"Cause-Effect(e2,e1)"
204,"Product-Producer(e1,e2)"
205,"Instrument-Agency(e2,e1)"
206,Other
207,Other
208,"Content-Container(e1,e2)"
209,"Component-Whole(e1,e2)"
210,"Entity-Origin(e1,e2)"
211,"Product-Producer(e1,e2)"
212,Other
213,"Component-Whole(e1,e2)"
214,"Instrument-Agency(e1,e2)"
215,"Component-Whole(e2,e1)"
216,"Content-Container(e1,e2)"
217,"Message-Topic(e2,e1)"
218,"Member-Collection(e2,e1)"
219,"Product-Producer(e2,e1)"
220,"Message-Topic(e1,e2)"
221,"Member-Collection(e2,e1)"
222,"Content-Container(e1,e2)"
223,"Member-Collection(e2,e1)"
224,"Member-Collection(e2,e1)"
225,"Member-Collection(e2,e1)"
226,"Product-Producer(e1,e2)"
227,"Instrument-Agency(e2,e1)"
228,Other
229,"Entity-Destination(e1,e2)"
230,"Component-Whole(e1,e2)"
231,"Component-Whole(e2,e1)"
232,"Entity-Origin(e1,e2)"
233,"Cause-Effect(e1,e2)"
234,Other
235,"Instrument-Agency(e2,e1)"
236,"Entity-Destination(e1,e2)"
237,"Product-Producer(e2,e1)"
238,"Component-Whole(e1,e2)"
239,"Content-Container(e2,e1)"
240,"Instrument-Agency(e1,e2)"
241,"Message-Topic(e1,e2)"
242,"Content-Container(e1,e2)"
243,"Entity-Destination(e1,e2)"
244,Other
245,"Product-Producer(e1,e2)"
246,"Entity-Origin(e1,e2)"
247,"Member-Collection(e2,e1)"
248,"Instrument-Agency(e2,e1)"
249,"Component-Whole(e2,e1)"
250,"Cause-Effect(e2,e1)"
251,"Cause-Effect(e1,e2)"
252,"Entity-Destination(e1,e2)"
253,"Component-Whole(e2,e1)"
254,"Content-Container(e1,e2)"
255,"Cause-Effect(e2,e1)"
256,"Content-Container(e2,e1)"
257,"Cause-Effect(e2,e1)"
258,"Entity-Destination(e1,e2)"
259,"Component-Whole(e2,e1)"
260,Other
261,"Product-Producer(e2,e1)"
262,Other
263,"Instrument-Agency(e2,e1)"
264,"Member-Collection(e2,e1)"
265,"Product-Producer(e2,e1)"
266,"Component-Whole(e2,e1)"
267,"Member-Collection(e2,e1)"
268,"Entity-Origin(e1,e2)"
269,Other
270,"Component-Whole(e1,e2)"
271,"Cause-Effect(e1,e2)"
272,"Instrument-Agency(e2,e1)"
273,"Member-Collection(e2,e1)"
274,"Product-Producer(e1,e2)"
275,"Entity-Destination(e1,e2)"
276,"Entity-Destination(e1,e2)"
277,"Component-Whole(e1,e2)"
278,"Product-Producer(e2,e1)"
279,"Content-Container(e1,e2)"
280,"Cause-Effect(e2,e1)"
281,"Entity-Destination(e1,e2)"
282,"Entity-Destination(e1,e2)"
283,Other
284,"Entity-Origin(e1,e2)"
285,"Entity-Origin(e1,e2)"
286,"Member-Collection(e2,e1)"
287,"Entity-Origin(e1,e2)"
288,"Entity-Origin(e1,e2)"
289,"Cause-Effect(e2,e1)"
290,"Content-Container(e2,e1)"
291,"Cause-Effect(e2,e1)"
292,"Entity-Origin(e1,e2)"
293,"Message-Topic(e1,e2)"
294,"Component-Whole(e2,e1)"
295,"Product-Producer(e1,e2)"
296,"Entity-Destination(e1,e2)"
297,"Entity-Destination(e1,e2)"
298,Other
299,"Message-Topic(e1,e2)"
300,"Member-Collection(e2,e1)"
301,"Entity-Origin(e1,e2)"
302,"Entity-Origin(e1,e2)"
303,"Entity-Origin(e1,e2)"
304,"Cause-Effect(e2,e1)"
305,Other
306,"Entity-Destination(e1,e2)"
307,Other
308,"Entity-Origin(e1,e2)"
309,Other
310,"Member-Collection(e2,e1)"
311,"Message-Topic(e2,e1)"
312,"Instrument-Agency(e2,e1)"
313,"Message-Topic(e1,e2)"
314,"Instrument-Agency(e2,e1)"
315,"Component-Whole(e2,e1)"
316,"Instrument-Agency(e2,e1)"
317,Other
318,"Entity-Destination(e1,e2)"
319,"Component-Whole(e1,e2)"
320,"Instrument-Agency(e2,e1)"
321,"Component-Whole(e1,e2)"
322,Other
323,Other
324,"Content-Container(e1,e2)"
325,"Member-Collection(e2,e1)"
326,"Instrument-Agency(e2,e1)"
327,"Entity-Origin(e1,e2)"
328,"Content-Container(e1,e2)"
329,"Member-Collection(e2,e1)"
330,"Member-Collection(e2,e1)"
331,"Content-Container(e1,e2)"
332,"Component-Whole(e1,e2)"
333,"Cause-Effect(e2,e1)"
334,"Product-Producer(e1,e2)"
335,"Component-Whole(e1,e2)"
336,"Content-Container(e1,e2)"
337,"Member-Collection(e2,e1)"
338,"Instrument-Agency(e1,e2)"
339,Other
340,"Product-Producer(e2,e1)"
341,"Cause-Effect(e1,e2)"
342,"Cause-Effect(e2,e1)"
343,"Instrument-Agency(e2,e1)"
344,"Entity-Origin(e1,e2)"
345,"Component-Whole(e1,e2)"
346,Other
347,"Cause-Effect(e2,e1)"
348,"Cause-Effect(e2,e1)"
349,"Component-Whole(e1,e2)"
350,"Entity-Destination(e1,e2)"
351,"Cause-Effect(e2,e1)"
352,"Cause-Effect(e2,e1)"
353,"Entity-Origin(e2,e1)"
354,"Cause-Effect(e2,e1)"
355,"Instrument-Agency(e1,e2)"
356,"Cause-Effect(e1,e2)"
357,"Entity-Origin(e1,e2)"
358,"Entity-Destination(e1,e2)"
359,Other
360,Other
361,"Member-Collection(e2,e1)"
362,"Message-Topic(e1,e2)"
363,"Component-Whole(e2,e1)"
364,"Entity-Origin(e1,e2)"
365,"Message-Topic(e1,e2)"
366,"Content-Container(e2,e1)"
367,"Instrument-Agency(e2,e1)"
368,"Cause-Effect(e1,e2)"
369,"Product-Producer(e2,e1)"
370,"Entity-Destination(e1,e2)"
371,Other
372,Other
373,"Message-Topic(e1,e2)"
374,"Product-Producer(e2,e1)"
375,"Entity-Origin(e1,e2)"
376,"Entity-Origin(e1,e2)"
377,"Member-Collection(e2,e1)"
378,"Instrument-Agency(e2,e1)"
379,"Message-Topic(e1,e2)"
380,Other
381,"Member-Collection(e2,e1)"
382,"Entity-Destination(e1,e2)"
383,"Content-Container(e1,e2)"
384,"Entity-Destination(e1,e2)"
385,"Message-Topic(e2,e1)"
386,"Entity-Destination(e1,e2)"
387,"Content-Container(e2,e1)"
388,"Component-Whole(e2,e1)"
389,"Entity-Origin(e2,e1)"
390,"Entity-Origin(e1,e2)"
391,Other
392,"Product-Producer(e2,e1)"
393,"Entity-Destination(e1,e2)"
394,Other
395,"Message-Topic(e1,e2)"
396,"Member-Collection(e2,e1)"
397,"Entity-Origin(e2,e1)"
398,"Instrument-Agency(e2,e1)"
399,"Component-Whole(e1,e2)"
400,"Cause-Effect(e1,e2)"
401,"Component-Whole(e2,e1)"
402,"Component-Whole(e2,e1)"
403,"Cause-Effect(e2,e1)"
404,"Instrument-Agency(e1,e2)"
405,"Entity-Origin(e1,e2)"
406,Other
407,Other
408,"Entity-Origin(e1,e2)"
409,Other
410,"Member-Collection(e2,e1)"
411,"Entity-Destination(e1,e2)"
412,"Entity-Destination(e1,e2)"
413,"Content-Container(e2,e1)"
414,"Message-Topic(e1,e2)"
415,"Component-Whole(e2,e1)"
416,"Message-Topic(e1,e2)"
417,Other
418,"Cause-Effect(e2,e1)"
419,Other
420,Other
421,"Entity-Destination(e1,e2)"
422,"Cause-Effect(e2,e1)"
423,"Instrument-Agency(e2,e1)"
424,"Product-Producer(e1,e2)"
425,"Entity-Origin(e1,e2)"
426,"Entity-Destination(e1,e2)"
427,Other
428,Other
429,"Content-Container(e1,e2)"
430,Other
431,"Entity-Origin(e1,e2)"
432,"Product-Producer(e2,e1)"
433,"Entity-Origin(e1,e2)"
434,"Product-Producer(e2,e1)"
435,"Member-Collection(e2,e1)"
436,"Content-Container(e1,e2)"
437,Other
438,"Component-Whole(e2,e1)"
439,Other
440,"Entity-Origin(e1,e2)"
441,"Entity-Origin(e2,e1)"
442,"Instrument-Agency(e2,e1)"
443,"Cause-Effect(e2,e1)"
444,"Message-Topic(e1,e2)"
445,Other
446,"Entity-Destination(e1,e2)"
447,"Cause-Effect(e1,e2)"
448,Other
449,"Product-Producer(e1,e2)"
450,"Cause-Effect(e1,e2)"
451,"Cause-Effect(e1,e2)"
452,"Member-Collection(e2,e1)"
453,"Instrument-Agency(e2,e1)"
454,"Message-Topic(e1,e2)"
455,"Cause-Effect(e1,e2)"
456,"Component-Whole(e1,e2)"
457,"Entity-Origin(e1,e2)"
458,"Message-Topic(e1,e2)"
459,"Product-Producer(e2,e1)"
460,Other
461,Other
462,"Cause-Effect(e2,e1)"
463,"Cause-Effect(e2,e1)"
464,Other
465,"Message-Topic(e1,e2)"
466,Other
467,"Product-Producer(e1,e2)"
468,Other
469,"Content-Container(e1,e2)"
470,"Component-Whole(e1,e2)"
471,"Component-Whole(e2,e1)"
472,"Member-Collection(e2,e1)"
473,"Cause-Effect(e2,e1)"
474,"Component-Whole(e1,e2)"
475,"Entity-Destination(e1,e2)"
476,"Entity-Destination(e1,e2)"
477,"Entity-Origin(e1,e2)"
478,"Member-Collection(e2,e1)"
479,"Component-Whole(e2,e1)"
480,"Entity-Origin(e1,e2)"
481,"Instrument-Agency(e2,e1)"
482,"Cause-Effect(e1,e2)"
483,"Entity-Destination(e1,e2)"
484,Other
485,"Instrument-Agency(e2,e1)"
486,"Cause-Effect(e2,e1)"
487,"Member-Collection(e1,e2)"
488,"Cause-Effect(e1,e2)"
489,"Product-Producer(e1,e2)"
490,"Entity-Destination(e1,e2)"
491,"Member-Collection(e2,e1)"
492,"Member-Collection(e2,e1)"
493,"Entity-Origin(e1,e2)"
494,"Content-Container(e2,e1)"
495,"Entity-Destination(e1,e2)"
496,Other
497,"Product-Producer(e2,e1)"
498,"Entity-Origin(e1,e2)"
499,"Entity-Destination(e1,e2)"
500,Other
501,"Entity-Origin(e1,e2)"
502,"Component-Whole(e1,e2)"
503,"Entity-Destination(e1,e2)"
504,"Entity-Origin(e1,e2)"
505,"Member-Collection(e2,e1)"
506,Other
507,Other
508,"Content-Container(e1,e2)"
509,"Component-Whole(e2,e1)"
510,"Cause-Effect(e1,e2)"
511,Other
512,"Member-Collection(e2,e1)"
513,"Entity-Destination(e1,e2)"
514,"Entity-Destination(e1,e2)"
515,Other
516,"Component-Whole(e2,e1)"
517,Other
518,Other
519,Other
520,"Message-Topic(e2,e1)"
521,"Cause-Effect(e2,e1)"
522,Other
523,Other
524,"Message-Topic(e1,e2)"
525,"Cause-Effect(e1,e2)"
526,Other
527,Other
528,"Message-Topic(e1,e2)"
529,"Entity-Destination(e1,e2)"
530,"Message-Topic(e1,e2)"
531,Other
532,"Member-Collection(e2,e1)"
533,"Cause-Effect(e1,e2)"
534,"Entity-Destination(e1,e2)"
535,"Instrument-Agency(e1,e2)"
536,"Instrument-Agency(e1,e2)"
537,Other
538,Other
539,"Component-Whole(e1,e2)"
540,"Product-Producer(e2,e1)"
541,"Entity-Destination(e1,e2)"
542,"Entity-Origin(e1,e2)"
543,"Product-Producer(e1,e2)"
544,"Message-Topic(e1,e2)"
545,"Instrument-Agency(e1,e2)"
546,"Message-Topic(e1,e2)"
547,Other
548,"Member-Collection(e2,e1)"
549,"Entity-Destination(e1,e2)"
550,"Member-Collection(e2,e1)"
551,Other
552,"Instrument-Agency(e2,e1)"
553,Other
554,Other
555,"Cause-Effect(e2,e1)"
556,"Product-Producer(e2,e1)"
557,"Component-Whole(e1,e2)"
558,"Cause-Effect(e1,e2)"
559,"Message-Topic(e1,e2)"
560,"Entity-Origin(e1,e2)"
561,"Entity-Origin(e1,e2)"
562,"Content-Container(e1,e2)"
563,"Message-Topic(e1,e2)"
564,"Message-Topic(e1,e2)"
565,"Entity-Origin(e2,e1)"
566,"Product-Producer(e2,e1)"
567,"Entity-Origin(e1,e2)"
568,"Member-Collection(e2,e1)"
569,"Member-Collection(e2,e1)"
570,"Message-Topic(e2,e1)"
571,"Member-Collection(e2,e1)"
572,"Component-Whole(e2,e1)"
573,Other
574,Other
575,"Entity-Origin(e1,e2)"
576,"Entity-Origin(e2,e1)"
577,Other
578,"Content-Container(e2,e1)"
579,"Instrument-Agency(e2,e1)"
580,"Component-Whole(e2,e1)"
581,"Message-Topic(e2,e1)"
582,"Component-Whole(e2,e1)"
583,"Member-Collection(e2,e1)"
584,"Entity-Destination(e1,e2)"
585,"Entity-Destination(e1,e2)"
586,Other
587,"Member-Collection(e2,e1)"
588,"Cause-Effect(e2,e1)"
589,"Cause-Effect(e2,e1)"
590,Other
591,"Message-Topic(e1,e2)"
592,"Cause-Effect(e1,e2)"
593,"Product-Producer(e1,e2)"
594,"Product-Producer(e1,e2)"
595,"Entity-Destination(e1,e2)"
596,"Component-Whole(e2,e1)"
597,"Entity-Origin(e2,e1)"
598,"Product-Producer(e2,e1)"
599,"Member-Collection(e2,e1)"
600,"Message-Topic(e1,e2)"
601,Other
602,"Product-Producer(e1,e2)"
603,"Message-Topic(e1,e2)"
604,"Component-Whole(e2,e1)"
605,"Instrument-Agency(e2,e1)"
606,"Component-Whole(e2,e1)"
607,"Entity-Origin(e1,e2)"
608,"Entity-Destination(e1,e2)"
609,"Cause-Effect(e2,e1)"
610,Other
611,"Cause-Effect(e1,e2)"
612,"Instrument-Agency(e2,e1)"
613,"Message-Topic(e1,e2)"
614,Other
615,"Content-Container(e2,e1)"
616,"Component-Whole(e1,e2)"
617,"Content-Container(e1,e2)"
618,"Entity-Destination(e1,e2)"
619,"Cause-Effect(e2,e1)"
620,"Entity-Origin(e2,e1)"
621,"Entity-Origin(e1,e2)"
622,"Cause-Effect(e1,e2)"
623,"Entity-Destination(e1,e2)"
624,"Entity-Destination(e1,e2)"
625,"Instrument-Agency(e2,e1)"
626,"Entity-Destination(e1,e2)"
627,Other
628,"Member-Collection(e2,e1)"
629,"Content-Container(e2,e1)"
630,"Entity-Destination(e1,e2)"
631,Other
632,"Product-Producer(e2,e1)"
633,"Component-Whole(e1,e2)"
634,"Entity-Origin(e1,e2)"
635,"Product-Producer(e2,e1)"
636,Other
637,"Cause-Effect(e1,e2)"
638,"Instrument-Agency(e1,e2)"
639,"Entity-Origin(e1,e2)"
640,Other
641,"Entity-Destination(e1,e2)"
642,"Entity-Origin(e1,e2)"
643,"Message-Topic(e1,e2)"
644,"Component-Whole(e2,e1)"
645,"Member-Collection(e2,e1)"
646,"Entity-Origin(e1,e2)"
647,Other
648,"Entity-Destination(e1,e2)"
649,"Content-Container(e2,e1)"
650,"Product-Producer(e2,e1)"
651,"Entity-Origin(e1,e2)"
652,"Entity-Origin(e1,e2)"
653,"Content-Container(e1,e2)"
654,"Entity-Origin(e2,e1)"
655,"Product-Producer(e1,e2)"
656,"Entity-Origin(e1,e2)"
657,Other
658,"Product-Producer(e1,e2)"
659,"Entity-Destination(e1,e2)"
660,"Message-Topic(e1,e2)"
661,"Message-Topic(e2,e1)"
662,"Instrument-Agency(e2,e1)"
663,"Message-Topic(e2,e1)"
664,"Content-Container(e1,e2)"
665,"Component-Whole(e1,e2)"
666,"Content-Container(e1,e2)"
667,"Content-Container(e2,e1)"
668,"Member-Collection(e2,e1)"
669,"Content-Container(e1,e2)"
670,"Content-Container(e1,e2)"
671,Other
672,"Member-Collection(e2,e1)"
673,"Cause-Effect(e2,e1)"
674,"Instrument-Agency(e1,e2)"
675,"Instrument-Agency(e1,e2)"
676,"Entity-Origin(e1,e2)"
677,"Entity-Destination(e1,e2)"
678,"Cause-Effect(e2,e1)"
679,"Entity-Origin(e1,e2)"
680,"Entity-Destination(e1,e2)"
681,"Entity-Destination(e1,e2)"
682,"Cause-Effect(e2,e1)"
683,Other
684,"Entity-Origin(e1,e2)"
685,"Component-Whole(e1,e2)"
686,"Content-Container(e1,e2)"
687,"Product-Producer(e1,e2)"
688,"Member-Collection(e2,e1)"
689,"Message-Topic(e2,e1)"
690,"Member-Collection(e2,e1)"
691,"Cause-Effect(e2,e1)"
692,"Content-Container(e1,e2)"
693,"Cause-Effect(e2,e1)"
694,"Entity-Origin(e1,e2)"
695,"Product-Producer(e2,e1)"
696,"Component-Whole(e2,e1)"
697,"Component-Whole(e1,e2)"
698,"Content-Container(e1,e2)"
699,"Cause-Effect(e1,e2)"
700,"Entity-Origin(e1,e2)"
701,Other
702,"Entity-Origin(e1,e2)"
703,"Instrument-Agency(e2,e1)"
704,"Entity-Destination(e1,e2)"
705,"Entity-Destination(e1,e2)"
706,"Entity-Destination(e1,e2)"
707,"Cause-Effect(e2,e1)"
708,"Component-Whole(e2,e1)"
709,"Entity-Destination(e1,e2)"
710,"Entity-Destination(e1,e2)"
711,"Component-Whole(e2,e1)"
712,"Instrument-Agency(e1,e2)"
713,Other
714,"Component-Whole(e2,e1)"
715,"Message-Topic(e1,e2)"
716,"Component-Whole(e2,e1)"
717,"Message-Topic(e1,e2)"
718,"Instrument-Agency(e2,e1)"
719,"Entity-Destination(e1,e2)"
720,"Message-Topic(e1,e2)"
721,"Entity-Origin(e1,e2)"
722,"Cause-Effect(e2,e1)"
723,"Entity-Origin(e2,e1)"
724,"Cause-Effect(e2,e1)"
725,"Cause-Effect(e2,e1)"
726,"Message-Topic(e1,e2)"
727,"Cause-Effect(e2,e1)"
728,"Message-Topic(e1,e2)"
729,"Entity-Destination(e1,e2)"
730,"Entity-Destination(e1,e2)"
731,"Entity-Destination(e1,e2)"
732,"Entity-Origin(e2,e1)"
733,"Entity-Origin(e1,e2)"
734,"Entity-Destination(e1,e2)"
735,"Content-Container(e2,e1)"
736,"Cause-Effect(e1,e2)"
737,"Entity-Destination(e1,e2)"
738,Other
739,"Entity-Destination(e1,e2)"
740,"Component-Whole(e2,e1)"
741,"Entity-Destination(e1,e2)"
742,"Message-Topic(e1,e2)"
743,Other
744,"Cause-Effect(e2,e1)"
745,"Entity-Destination(e1,e2)"
746,Other
747,"Entity-Destination(e1,e2)"
748,"Entity-Origin(e1,e2)"
749,"Entity-Destination(e1,e2)"
750,"Message-Topic(e1,e2)"
751,"Instrument-Agency(e2,e1)"
752,"Member-Collection(e2,e1)"
753,"Instrument-Agency(e2,e1)"
754,"Entity-Origin(e1,e2)"
755,Other
756,"Entity-Origin(e1,e2)"
757,"Component-Whole(e2,e1)"
758,"Instrument-Agency(e2,e1)"
759,"Component-Whole(e2,e1)"
760,Other
761,"Entity-Origin(e1,e2)"
762,"Instrument-Agency(e2,e1)"
763,"Instrument-Agency(e1,e2)"
764,"Content-Container(e1,e2)"
765,"Entity-Destination(e1,e2)"
766,"Entity-Destination(e1,e2)"
767,"Entity-Origin(e1,e2)"
768,"Component-Whole(e2,e1)"
769,"Message-Topic(e1,e2)"
770,"Component-Whole(e2,e1)"
771,"Component-Whole(e2,e1)"
772,"Member-Collection(e2,e1)"
773,"Component-Whole(e1,e2)"
774,"Product-Producer(e1,e2)"
775,"Content-Container(e1,e2)"
776,"Product-Producer(e1,e2)"
777,"Product-Producer(e2,e1)"
778,"Entity-Origin(e1,e2)"
779,"Product-Producer(e1,e2)"
780,Other
781,"Entity-Destination(e1,e2)"
782,"Member-Collection(e1,e2)"
783,"Content-Container(e2,e1)"
784,"Message-Topic(e1,e2)"
785,"Entity-Destination(e1,e2)"
786,Other
787,"Cause-Effect(e2,e1)"
788,"Member-Collection(e2,e1)"
789,"Cause-Effect(e2,e1)"
790,"Content-Container(e1,e2)"
791,"Cause-Effect(e2,e1)"
792,"Product-Producer(e1,e2)"
793,"Entity-Origin(e2,e1)"
794,"Entity-Origin(e1,e2)"
795,"Instrument-Agency(e2,e1)"
796,"Content-Container(e1,e2)"
797,"Instrument-Agency(e2,e1)"
798,"Member-Collection(e2,e1)"
799,"Cause-Effect(e1,e2)"
800,"Product-Producer(e2,e1)"
801,"Component-Whole(e2,e1)"
802,"Entity-Origin(e1,e2)"
803,"Entity-Destination(e1,e2)"
804,"Cause-Effect(e2,e1)"
805,"Member-Collection(e2,e1)"
806,"Product-Producer(e1,e2)"
807,"Component-Whole(e1,e2)"
808,"Entity-Destination(e1,e2)"
809,"Cause-Effect(e2,e1)"
810,Other
811,"Component-Whole(e2,e1)"
812,"Member-Collection(e2,e1)"
813,"Message-Topic(e2,e1)"
814,"Component-Whole(e1,e2)"
815,Other
816,"Member-Collection(e2,e1)"
817,"Cause-Effect(e1,e2)"
818,"Message-Topic(e2,e1)"
819,"Message-Topic(e1,e2)"
820,"Message-Topic(e1,e2)"
821,"Component-Whole(e2,e1)"
822,Other
823,"Entity-Origin(e1,e2)"
824,"Content-Container(e1,e2)"
825,"Message-Topic(e2,e1)"
826,"Entity-Destination(e1,e2)"
827,"Product-Producer(e2,e1)"
828,Other
829,Other
830,"Entity-Destination(e1,e2)"
831,"Entity-Origin(e1,e2)"
832,"Content-Container(e1,e2)"
833,"Entity-Destination(e1,e2)"
834,"Content-Container(e1,e2)"
835,"Product-Producer(e2,e1)"
836,"Entity-Origin(e1,e2)"
837,Other
838,"Content-Container(e2,e1)"
839,"Instrument-Agency(e2,e1)"
840,"Entity-Destination(e1,e2)"
841,"Instrument-Agency(e2,e1)"
842,"Entity-Origin(e1,e2)"
843,"Entity-Destination(e1,e2)"
844,Other
845,"Message-Topic(e1,e2)"
846,"Entity-Origin(e1,e2)"
847,Other
848,Other
849,"Component-Whole(e1,e2)"
850,"Cause-Effect(e1,e2)"
851,"Instrument-Agency(e2,e1)"
852,"Instrument-Agency(e1,e2)"
853,"Content-Container(e1,e2)"
854,"Instrument-Agency(e2,e1)"
855,"Entity-Destination(e1,e2)"
856,"Cause-Effect(e2,e1)"
857,Other
858,"Instrument-Agency(e2,e1)"
859,"Cause-Effect(e2,e1)"
860,Other
861,"Product-Producer(e2,e1)"
862,"Message-Topic(e1,e2)"
863,"Component-Whole(e1,e2)"
864,"Content-Container(e2,e1)"
865,"Entity-Origin(e1,e2)"
866,Other
867,"Instrument-Agency(e2,e1)"
868,"Entity-Origin(e1,e2)"
869,"Message-Topic(e1,e2)"
870,"Entity-Origin(e2,e1)"
871,"Component-Whole(e2,e1)"
872,"Message-Topic(e1,e2)"
873,Other
874,"Entity-Origin(e1,e2)"
875,Other
876,Other
877,"Component-Whole(e1,e2)"
878,"Member-Collection(e2,e1)"
879,"Message-Topic(e2,e1)"
880,Other
881,"Member-Collection(e2,e1)"
882,Other
883,"Message-Topic(e2,e1)"
884,"Entity-Destination(e1,e2)"
885,"Message-Topic(e1,e2)"
886,"Entity-Destination(e1,e2)"
887,"Component-Whole(e2,e1)"
888,Other
889,"Entity-Origin(e1,e2)"
890,Other
891,Other
892,"Message-Topic(e1,e2)"
893,"Content-Container(e1,e2)"
894,"Member-Collection(e2,e1)"
895,Other
896,"Component-Whole(e1,e2)"
897,Other
898,"Cause-Effect(e2,e1)"
899,"Message-Topic(e1,e2)"
900,"Instrument-Agency(e2,e1)"
901,"Entity-Destination(e1,e2)"
902,"Content-Container(e1,e2)"
903,"Component-Whole(e2,e1)"
904,"Member-Collection(e2,e1)"
905,"Member-Collection(e2,e1)"
906,"Entity-Origin(e1,e2)"
907,"Cause-Effect(e2,e1)"
908,"Component-Whole(e2,e1)"
909,"Product-Producer(e2,e1)"
910,"Entity-Origin(e1,e2)"
911,"Message-Topic(e2,e1)"
912,"Entity-Destination(e1,e2)"
913,"Product-Producer(e2,e1)"
914,"Message-Topic(e2,e1)"
915,"Component-Whole(e2,e1)"
916,"Member-Collection(e2,e1)"
917,"Member-Collection(e2,e1)"
918,"Component-Whole(e1,e2)"
919,"Content-Container(e1,e2)"
920,"Entity-Origin(e1,e2)"
921,"Entity-Destination(e1,e2)"
922,"Component-Whole(e1,e2)"
923,"Product-Producer(e2,e1)"
924,"Component-Whole(e1,e2)"
925,"Entity-Origin(e1,e2)"
926,"Entity-Destination(e1,e2)"
927,"Member-Collection(e2,e1)"
928,"Entity-Destination(e1,e2)"
929,"Message-Topic(e2,e1)"
930,"Product-Producer(e2,e1)"
931,"Entity-Destination(e1,e2)"
932,"Member-Collection(e2,e1)"
933,"Cause-Effect(e1,e2)"
934,"Message-Topic(e1,e2)"
935,"Entity-Origin(e1,e2)"
936,"Component-Whole(e1,e2)"
937,"Product-Producer(e2,e1)"
938,"Product-Producer(e2,e1)"
939,"Entity-Destination(e1,e2)"
940,"Instrument-Agency(e1,e2)"
941,"Product-Producer(e2,e1)"
942,"Entity-Destination(e1,e2)"
943,"Entity-Origin(e1,e2)"
944,"Component-Whole(e2,e1)"
945,"Entity-Destination(e1,e2)"
946,Other
947,Other
948,Other
949,"Message-Topic(e1,e2)"
950,"Product-Producer(e2,e1)"
951,"Member-Collection(e2,e1)"
952,"Member-Collection(e2,e1)"
953,"Component-Whole(e1,e2)"
954,"Entity-Origin(e1,e2)"
955,"Cause-Effect(e2,e1)"
956,"Entity-Destination(e1,e2)"
957,Other
958,"Entity-Origin(e2,e1)"
959,"Content-Container(e1,e2)"
960,"Component-Whole(e1,e2)"
961,"Entity-Destination(e1,e2)"
962,"Cause-Effect(e1,e2)"
963,"Instrument-Agency(e1,e2)"
964,"Entity-Origin(e1,e2)"
965,"Message-Topic(e1,e2)"
966,Other
967,"Cause-Effect(e2,e1)"
968,"Component-Whole(e1,e2)"
969,"Message-Topic(e1,e2)"
970,"Content-Container(e1,e2)"
971,"Message-Topic(e1,e2)"
972,"Cause-Effect(e2,e1)"
973,"Message-Topic(e1,e2)"
974,Other
975,"Cause-Effect(e2,e1)"
976,"Message-Topic(e1,e2)"
977,"Instrument-Agency(e1,e2)"
978,Other
979,Other
980,"Entity-Destination(e1,e2)"
981,Other
982,Other
983,"Entity-Origin(e1,e2)"
984,"Component-Whole(e1,e2)"
985,"Content-Container(e1,e2)"
986,"Cause-Effect(e2,e1)"
987,Other
988,"Entity-Origin(e1,e2)"
989,"Entity-Destination(e1,e2)"
990,"Entity-Origin(e1,e2)"
991,"Message-Topic(e2,e1)"
992,"Cause-Effect(e2,e1)"
993,"Instrument-Agency(e1,e2)"
994,"Content-Container(e1,e2)"
995,"Product-Producer(e2,e1)"
996,"Component-Whole(e1,e2)"
997,Other
998,Other
999,"Entity-Origin(e1,e2)"
1000,"Member-Collection(e2,e1)"
1001,"Message-Topic(e1,e2)"
1002,"Content-Container(e1,e2)"
1003,"Entity-Destination(e1,e2)"
1004,"Entity-Origin(e1,e2)"
1005,"Entity-Destination(e1,e2)"
1006,"Instrument-Agency(e2,e1)"
1007,Other
1008,Other
1009,"Instrument-Agency(e1,e2)"
1010,"Cause-Effect(e2,e1)"
1011,"Entity-Origin(e1,e2)"
1012,"Instrument-Agency(e1,e2)"
1013,"Product-Producer(e2,e1)"
1014,Other
1015,"Message-Topic(e1,e2)"
1016,"Cause-Effect(e2,e1)"
1017,"Member-Collection(e2,e1)"
1018,"Cause-Effect(e2,e1)"
1019,"Content-Container(e1,e2)"
1020,"Component-Whole(e1,e2)"
1021,"Message-Topic(e1,e2)"
1022,Other
1023,Other
1024,"Member-Collection(e2,e1)"
1025,"Instrument-Agency(e2,e1)"
1026,"Instrument-Agency(e1,e2)"
1027,"Member-Collection(e2,e1)"
1028,"Product-Producer(e1,e2)"
1029,"Member-Collection(e2,e1)"
1030,"Message-Topic(e1,e2)"
1031,"Component-Whole(e2,e1)"
1032,"Instrument-Agency(e1,e2)"
1033,"Entity-Origin(e1,e2)"
1034,"Content-Container(e1,e2)"
1035,"Member-Collection(e2,e1)"
1036,"Product-Producer(e1,e2)"
1037,"Entity-Origin(e1,e2)"
1038,"Cause-Effect(e2,e1)"
1039,Other
1040,"Product-Producer(e2,e1)"
1041,"Component-Whole(e2,e1)"
1042,"Entity-Origin(e1,e2)"
1043,"Component-Whole(e1,e2)"
1044,"Message-Topic(e1,e2)"
1045,"Message-Topic(e1,e2)"
1046,"Component-Whole(e1,e2)"
1047,Other
1048,"Entity-Origin(e1,e2)"
1049,"Entity-Origin(e1,e2)"
1050,"Cause-Effect(e1,e2)"
1051,"Cause-Effect(e2,e1)"
1052,"Entity-Origin(e1,e2)"
1053,"Message-Topic(e2,e1)"
1054,Other
1055,"Cause-Effect(e1,e2)"
1056,Other
1057,"Instrument-Agency(e2,e1)"
1058,"Product-Producer(e2,e1)"
1059,"Message-Topic(e1,e2)"
1060,"Component-Whole(e2,e1)"
1061,"Entity-Destination(e1,e2)"
1062,"Product-Producer(e1,e2)"
1063,"Component-Whole(e1,e2)"
1064,"Cause-Effect(e2,e1)"
1065,"Entity-Origin(e1,e2)"
1066,"Entity-Origin(e1,e2)"
1067,"Message-Topic(e1,e2)"
1068,"Content-Container(e2,e1)"
1069,"Entity-Origin(e1,e2)"
1070,"Entity-Origin(e1,e2)"
1071,"Component-Whole(e1,e2)"
1072,"Entity-Destination(e1,e2)"
1073,"Component-Whole(e2,e1)"
1074,"Instrument-Agency(e1,e2)"
1075,"Entity-Origin(e1,e2)"
1076,"Entity-Origin(e1,e2)"
1077,Other
1078,Other
1079,"Member-Collection(e2,e1)"
1080,"Content-Container(e1,e2)"
1081,"Message-Topic(e1,e2)"
1082,"Component-Whole(e2,e1)"
1083,"Entity-Origin(e1,e2)"
1084,"Message-Topic(e1,e2)"
1085,"Entity-Origin(e2,e1)"
1086,"Entity-Destination(e1,e2)"
1087,"Component-Whole(e1,e2)"
1088,"Instrument-Agency(e1,e2)"
1089,"Instrument-Agency(e1,e2)"
1090,"Product-Producer(e2,e1)"
1091,"Member-Collection(e2,e1)"
1092,Other
1093,"Entity-Destination(e1,e2)"
1094,"Component-Whole(e2,e1)"
1095,"Component-Whole(e2,e1)"
1096,"Member-Collection(e2,e1)"
1097,"Entity-Destination(e1,e2)"
1098,"Entity-Destination(e1,e2)"
1099,"Entity-Origin(e1,e2)"
1100,"Entity-Destination(e1,e2)"
1101,"Entity-Origin(e1,e2)"
1102,"Entity-Destination(e1,e2)"
1103,"Message-Topic(e1,e2)"
1104,"Entity-Destination(e1,e2)"
1105,"Entity-Destination(e1,e2)"
1106,"Product-Producer(e2,e1)"
1107,"Message-Topic(e1,e2)"
1108,"Entity-Origin(e1,e2)"
1109,"Content-Container(e1,e2)"
1110,"Component-Whole(e1,e2)"
1111,"Message-Topic(e1,e2)"
1112,"Entity-Origin(e1,e2)"
1113,"Message-Topic(e1,e2)"
1114,Other
1115,"Content-Container(e1,e2)"
1116,"Content-Container(e1,e2)"
1117,"Content-Container(e2,e1)"
1118,"Component-Whole(e2,e1)"
1119,"Component-Whole(e1,e2)"
1120,"Component-Whole(e1,e2)"
1121,"Product-Producer(e1,e2)"
1122,Other
1123,"Entity-Origin(e2,e1)"
1124,"Entity-Destination(e1,e2)"
1125,"Entity-Origin(e1,e2)"
1126,Other
1127,"Message-Topic(e1,e2)"
1128,"Entity-Origin(e1,e2)"
1129,"Entity-Destination(e1,e2)"
1130,"Instrument-Agency(e2,e1)"
1131,"Content-Container(e1,e2)"
1132,"Entity-Origin(e1,e2)"
1133,Other
1134,"Entity-Destination(e1,e2)"
1135,Other
1136,"Product-Producer(e1,e2)"
1137,"Component-Whole(e2,e1)"
1138,"Product-Producer(e2,e1)"
1139,"Member-Collection(e2,e1)"
1140,"Message-Topic(e1,e2)"
1141,Other
1142,Other
1143,"Message-Topic(e1,e2)"
1144,"Cause-Effect(e1,e2)"
1145,"Product-Producer(e1,e2)"
1146,Other
1147,"Content-Container(e1,e2)"
1148,"Message-Topic(e1,e2)"
1149,"Entity-Origin(e2,e1)"
1150,"Message-Topic(e1,e2)"
1151,"Component-Whole(e1,e2)"
1152,"Entity-Origin(e1,e2)"
1153,"Member-Collection(e2,e1)"
1154,"Instrument-Agency(e1,e2)"
1155,"Content-Container(e1,e2)"
1156,"Entity-Origin(e1,e2)"
1157,"Cause-Effect(e2,e1)"
1158,"Instrument-Agency(e1,e2)"
1159,"Product-Producer(e1,e2)"
1160,"Cause-Effect(e1,e2)"
1161,"Entity-Destination(e1,e2)"
1162,"Cause-Effect(e1,e2)"
1163,Other
1164,"Member-Collection(e2,e1)"
1165,"Product-Producer(e1,e2)"
1166,"Member-Collection(e2,e1)"
1167,"Entity-Origin(e1,e2)"
1168,"Cause-Effect(e2,e1)"
1169,"Product-Producer(e2,e1)"
1170,Other
1171,"Cause-Effect(e2,e1)"
1172,"Component-Whole(e2,e1)"
1173,"Content-Container(e2,e1)"
1174,"Content-Container(e2,e1)"
1175,"Cause-Effect(e1,e2)"
1176,"Entity-Destination(e1,e2)"
1177,"Component-Whole(e1,e2)"
1178,"Content-Container(e1,e2)"
1179,Other
1180,"Cause-Effect(e2,e1)"
1181,"Component-Whole(e2,e1)"
1182,"Content-Container(e2,e1)"
1183,"Content-Container(e1,e2)"
1184,Other
1185,Other
1186,Other
1187,Other
1188,Other
1189,Other
1190,"Component-Whole(e2,e1)"
1191,"Component-Whole(e1,e2)"
1192,"Cause-Effect(e2,e1)"
1193,"Entity-Destination(e1,e2)"
1194,Other
1195,"Entity-Destination(e1,e2)"
1196,"Product-Producer(e2,e1)"
1197,"Entity-Destination(e1,e2)"
1198,"Cause-Effect(e1,e2)"
1199,"Cause-Effect(e1,e2)"
1200,"Content-Container(e1,e2)"
1201,"Component-Whole(e1,e2)"
1202,"Cause-Effect(e2,e1)"
1203,Other
1204,"Product-Producer(e1,e2)"
1205,"Entity-Destination(e1,e2)"
1206,"Product-Producer(e1,e2)"
1207,"Content-Container(e2,e1)"
1208,"Cause-Effect(e2,e1)"
1209,"Message-Topic(e2,e1)"
1210,"Message-Topic(e1,e2)"
1211,"Entity-Destination(e1,e2)"
1212,"Member-Collection(e2,e1)"
1213,"Cause-Effect(e2,e1)"
1214,"Content-Container(e1,e2)"
1215,"Entity-Destination(e1,e2)"
1216,Other
1217,"Component-Whole(e1,e2)"
1218,"Instrument-Agency(e2,e1)"
1219,"Entity-Origin(e1,e2)"
1220,Other
1221,"Product-Producer(e2,e1)"
1222,"Product-Producer(e2,e1)"
1223,"Message-Topic(e1,e2)"
1224,"Component-Whole(e1,e2)"
1225,"Cause-Effect(e2,e1)"
1226,Other
1227,"Component-Whole(e2,e1)"
1228,"Entity-Destination(e1,e2)"
1229,"Cause-Effect(e2,e1)"
1230,"Cause-Effect(e2,e1)"
1231,"Instrument-Agency(e2,e1)"
1232,"Member-Collection(e2,e1)"
1233,"Product-Producer(e2,e1)"
1234,"Message-Topic(e1,e2)"
1235,"Member-Collection(e2,e1)"
1236,"Product-Producer(e1,e2)"
1237,"Instrument-Agency(e1,e2)"
1238,"Entity-Destination(e1,e2)"
1239,"Entity-Origin(e1,e2)"
1240,"Message-Topic(e1,e2)"
1241,"Cause-Effect(e1,e2)"
1242,"Content-Container(e1,e2)"
1243,"Entity-Destination(e1,e2)"
1244,"Message-Topic(e1,e2)"
1245,"Instrument-Agency(e2,e1)"
1246,"Cause-Effect(e2,e1)"
1247,"Entity-Origin(e1,e2)"
1248,"Content-Container(e2,e1)"
1249,"Content-Container(e1,e2)"
1250,"Product-Producer(e1,e2)"
1251,"Product-Producer(e1,e2)"
1252,"Entity-Destination(e1,e2)"
1253,"Product-Producer(e2,e1)"
1254,"Cause-Effect(e1,e2)"
1255,"Product-Producer(e1,e2)"
1256,"Member-Collection(e2,e1)"
1257,"Entity-Origin(e1,e2)"
1258,"Content-Container(e1,e2)"
1259,"Entity-Origin(e1,e2)"
1260,Other
1261,"Entity-Origin(e1,e2)"
1262,"Entity-Destination(e1,e2)"
1263,"Cause-Effect(e2,e1)"
1264,Other
1265,"Component-Whole(e1,e2)"
1266,"Message-Topic(e1,e2)"
1267,"Entity-Destination(e1,e2)"
1268,"Member-Collection(e2,e1)"
1269,"Component-Whole(e1,e2)"
1270,Other
1271,"Product-Producer(e1,e2)"
1272,"Entity-Origin(e1,e2)"
1273,"Message-Topic(e1,e2)"
1274,"Entity-Origin(e1,e2)"
1275,"Cause-Effect(e2,e1)"
1276,"Entity-Destination(e1,e2)"
1277,"Entity-Destination(e1,e2)"
1278,"Member-Collection(e2,e1)"
1279,"Member-Collection(e2,e1)"
1280,"Content-Container(e1,e2)"
1281,"Instrument-Agency(e2,e1)"
1282,"Message-Topic(e2,e1)"
1283,"Member-Collection(e2,e1)"
1284,"Entity-Origin(e1,e2)"
1285,Other
1286,"Member-Collection(e2,e1)"
1287,"Entity-Destination(e1,e2)"
1288,"Instrument-Agency(e2,e1)"
1289,Other
1290,"Message-Topic(e1,e2)"
1291,"Entity-Destination(e1,e2)"
1292,"Message-Topic(e1,e2)"
1293,"Member-Collection(e2,e1)"
1294,Other
1295,"Member-Collection(e2,e1)"
1296,"Content-Container(e1,e2)"
1297,Other
1298,"Entity-Destination(e1,e2)"
1299,"Cause-Effect(e1,e2)"
1300,"Product-Producer(e1,e2)"
1301,"Component-Whole(e1,e2)"
1302,"Cause-Effect(e2,e1)"
1303,"Content-Container(e1,e2)"
1304,"Product-Producer(e2,e1)"
1305,"Cause-Effect(e2,e1)"
1306,"Instrument-Agency(e1,e2)"
1307,"Product-Producer(e2,e1)"
1308,Other
1309,"Entity-Origin(e1,e2)"
1310,"Entity-Origin(e1,e2)"
1311,"Cause-Effect(e2,e1)"
1312,"Entity-Destination(e1,e2)"
1313,Other
1314,"Member-Collection(e2,e1)"
1315,"Instrument-Agency(e2,e1)"
1316,"Cause-Effect(e2,e1)"
1317,"Member-Collection(e2,e1)"
1318,"Component-Whole(e2,e1)"
1319,"Entity-Destination(e1,e2)"
1320,"Message-Topic(e1,e2)"
1321,"Entity-Origin(e1,e2)"
1322,Other
1323,"Component-Whole(e1,e2)"
1324,"Component-Whole(e2,e1)"
1325,"Component-Whole(e1,e2)"
1326,"Instrument-Agency(e2,e1)"
1327,"Component-Whole(e1,e2)"
1328,"Component-Whole(e2,e1)"
1329,"Entity-Origin(e2,e1)"
1330,"Entity-Destination(e1,e2)"
1331,"Entity-Origin(e1,e2)"
1332,"Member-Collection(e2,e1)"
1333,"Member-Collection(e2,e1)"
1334,Other
1335,Other
1336,"Product-Producer(e1,e2)"
1337,"Cause-Effect(e2,e1)"
1338,"Cause-Effect(e2,e1)"
1339,"Entity-Origin(e2,e1)"
1340,"Member-Collection(e2,e1)"
1341,"Entity-Origin(e2,e1)"
1342,"Entity-Origin(e1,e2)"
1343,"Product-Producer(e1,e2)"
1344,"Component-Whole(e2,e1)"
1345,"Instrument-Agency(e2,e1)"
1346,"Component-Whole(e2,e1)"
1347,"Product-Producer(e1,e2)"
1348,"Component-Whole(e2,e1)"
1349,"Entity-Origin(e1,e2)"
1350,"Entity-Origin(e1,e2)"
1351,"Instrument-Agency(e1,e2)"
1352,"Cause-Effect(e2,e1)"
1353,"Member-Collection(e2,e1)"
1354,"Product-Producer(e1,e2)"
1355,"Member-Collection(e2,e1)"
1356,"Component-Whole(e2,e1)"
1357,Other
1358,"Component-Whole(e2,e1)"
1359,"Entity-Origin(e1,e2)"
1360,"Cause-Effect(e2,e1)"
1361,"Cause-Effect(e2,e1)"
1362,"Cause-Effect(e1,e2)"
1363,"Component-Whole(e1,e2)"
1364,"Instrument-Agency(e2,e1)"
1365,"Message-Topic(e1,e2)"
1366,"Entity-Destination(e1,e2)"
1367,"Product-Producer(e1,e2)"
1368,Other
1369,"Component-Whole(e2,e1)"
1370,"Entity-Origin(e1,e2)"
1371,"Instrument-Agency(e1,e2)"
1372,"Entity-Origin(e1,e2)"
1373,"Message-Topic(e1,e2)"
1374,Other
1375,"Member-Collection(e2,e1)"
1376,"Entity-Destination(e1,e2)"
1377,"Cause-Effect(e1,e2)"
1378,"Entity-Destination(e1,e2)"
1379,"Component-Whole(e1,e2)"
1380,Other
1381,"Member-Collection(e2,e1)"
1382,"Component-Whole(e1,e2)"
1383,"Message-Topic(e1,e2)"
1384,"Message-Topic(e1,e2)"
1385,"Member-Collection(e2,e1)"
1386,"Member-Collection(e2,e1)"
1387,"Component-Whole(e1,e2)"
1388,Other
1389,"Message-Topic(e2,e1)"
1390,"Product-Producer(e1,e2)"
1391,"Instrument-Agency(e2,e1)"
1392,Other
1393,"Instrument-Agency(e1,e2)"
1394,"Entity-Destination(e1,e2)"
1395,"Entity-Origin(e1,e2)"
1396,"Cause-Effect(e1,e2)"
1397,"Member-Collection(e2,e1)"
1398,"Member-Collection(e2,e1)"
1399,"Member-Collection(e2,e1)"
1400,"Component-Whole(e1,e2)"
1401,"Entity-Destination(e1,e2)"
1402,Other
1403,"Cause-Effect(e2,e1)"
1404,"Entity-Origin(e1,e2)"
1405,"Entity-Origin(e1,e2)"
1406,"Member-Collection(e2,e1)"
1407,Other
1408,"Member-Collection(e2,e1)"
1409,"Product-Producer(e1,e2)"
1410,"Content-Container(e1,e2)"
1411,"Message-Topic(e1,e2)"
1412,"Entity-Destination(e1,e2)"
1413,"Entity-Destination(e1,e2)"
1414,"Cause-Effect(e2,e1)"
1415,"Component-Whole(e1,e2)"
1416,"Message-Topic(e1,e2)"
1417,"Instrument-Agency(e2,e1)"
1418,"Instrument-Agency(e2,e1)"
1419,"Message-Topic(e1,e2)"
1420,"Content-Container(e2,e1)"
1421,"Instrument-Agency(e1,e2)"
1422,"Instrument-Agency(e2,e1)"
1423,"Message-Topic(e1,e2)"
1424,"Component-Whole(e1,e2)"
1425,"Message-Topic(e1,e2)"
1426,Other
1427,"Entity-Origin(e1,e2)"
1428,"Content-Container(e1,e2)"
1429,"Entity-Origin(e1,e2)"
1430,"Entity-Destination(e1,e2)"
1431,"Content-Container(e2,e1)"
1432,"Message-Topic(e1,e2)"
1433,"Cause-Effect(e2,e1)"
1434,"Product-Producer(e1,e2)"
1435,Other
1436,"Entity-Origin(e1,e2)"
1437,"Product-Producer(e1,e2)"
1438,"Message-Topic(e1,e2)"
1439,"Message-Topic(e1,e2)"
1440,Other
1441,"Cause-Effect(e2,e1)"
1442,"Entity-Origin(e1,e2)"
1443,"Component-Whole(e1,e2)"
1444,Other
1445,Other
1446,"Entity-Origin(e1,e2)"
1447,"Member-Collection(e2,e1)"
1448,"Entity-Destination(e1,e2)"
1449,"Instrument-Agency(e2,e1)"
1450,"Entity-Destination(e1,e2)"
1451,"Content-Container(e2,e1)"
1452,"Member-Collection(e2,e1)"
1453,"Component-Whole(e1,e2)"
1454,"Content-Container(e2,e1)"
1455,"Entity-Origin(e1,e2)"
1456,"Message-Topic(e1,e2)"
1457,Other
1458,"Product-Producer(e1,e2)"
1459,"Product-Producer(e1,e2)"
1460,"Product-Producer(e2,e1)"
1461,Other
1462,Other
1463,"Entity-Origin(e1,e2)"
1464,"Content-Container(e2,e1)"
1465,Other
1466,"Component-Whole(e1,e2)"
1467,"Product-Producer(e2,e1)"
1468,"Entity-Origin(e1,e2)"
1469,Other
1470,"Entity-Origin(e1,e2)"
1471,"Product-Producer(e2,e1)"
1472,"Cause-Effect(e2,e1)"
1473,"Member-Collection(e2,e1)"
1474,"Product-Producer(e2,e1)"
1475,"Message-Topic(e1,e2)"
1476,"Content-Container(e1,e2)"
1477,"Cause-Effect(e2,e1)"
1478,"Entity-Destination(e1,e2)"
1479,"Member-Collection(e2,e1)"
1480,"Member-Collection(e2,e1)"
1481,"Content-Container(e2,e1)"
1482,Other
1483,"Component-Whole(e1,e2)"
1484,"Content-Container(e1,e2)"
1485,"Entity-Origin(e1,e2)"
1486,"Entity-Origin(e1,e2)"
1487,"Cause-Effect(e2,e1)"
1488,"Product-Producer(e1,e2)"
1489,"Message-Topic(e2,e1)"
1490,Other
1491,"Product-Producer(e2,e1)"
1492,"Content-Container(e1,e2)"
1493,Other
1494,"Component-Whole(e1,e2)"
1495,"Cause-Effect(e1,e2)"
1496,"Content-Container(e1,e2)"
1497,Other
1498,"Product-Producer(e2,e1)"
1499,"Message-Topic(e2,e1)"
1500,"Content-Container(e1,e2)"
1501,"Member-Collection(e2,e1)"
1502,"Instrument-Agency(e2,e1)"
1503,"Message-Topic(e1,e2)"
1504,"Instrument-Agency(e2,e1)"
1505,"Instrument-Agency(e1,e2)"
1506,Other
1507,"Content-Container(e1,e2)"
1508,Other
1509,Other
1510,"Component-Whole(e2,e1)"
1511,"Product-Producer(e1,e2)"
1512,Other
1513,"Entity-Origin(e1,e2)"
1514,"Component-Whole(e1,e2)"
1515,Other
1516,"Entity-Destination(e1,e2)"
1517,"Entity-Destination(e1,e2)"
1518,"Component-Whole(e1,e2)"
1519,"Member-Collection(e2,e1)"
1520,"Entity-Destination(e1,e2)"
1521,"Content-Container(e1,e2)"
1522,"Content-Container(e1,e2)"
1523,"Component-Whole(e2,e1)"
1524,"Entity-Origin(e1,e2)"
1525,"Message-Topic(e1,e2)"
1526,"Component-Whole(e1,e2)"
1527,Other
1528,"Cause-Effect(e2,e1)"
1529,"Member-Collection(e2,e1)"
1530,"Member-Collection(e2,e1)"
1531,"Instrument-Agency(e1,e2)"
1532,"Cause-Effect(e2,e1)"
1533,"Message-Topic(e1,e2)"
1534,"Entity-Origin(e1,e2)"
1535,"Entity-Origin(e1,e2)"
1536,"Entity-Destination(e1,e2)"
1537,"Instrument-Agency(e2,e1)"
1538,"Message-Topic(e2,e1)"
1539,"Entity-Origin(e1,e2)"
1540,"Message-Topic(e1,e2)"
1541,"Entity-Origin(e1,e2)"
1542,"Cause-Effect(e2,e1)"
1543,"Component-Whole(e2,e1)"
1544,"Cause-Effect(e1,e2)"
1545,"Cause-Effect(e2,e1)"
1546,Other
1547,"Content-Container(e1,e2)"
1548,"Component-Whole(e2,e1)"
1549,"Product-Producer(e2,e1)"
1550,"Entity-Origin(e2,e1)"
1551,"Content-Container(e2,e1)"
1552,"Entity-Destination(e1,e2)"
1553,"Product-Producer(e1,e2)"
1554,"Product-Producer(e2,e1)"
1555,"Member-Collection(e2,e1)"
1556,"Message-Topic(e1,e2)"
1557,"Member-Collection(e1,e2)"
1558,"Message-Topic(e1,e2)"
1559,"Cause-Effect(e2,e1)"
1560,Other
1561,"Cause-Effect(e2,e1)"
1562,"Member-Collection(e2,e1)"
1563,"Product-Producer(e2,e1)"
1564,"Entity-Origin(e1,e2)"
1565,"Entity-Origin(e1,e2)"
1566,"Entity-Origin(e1,e2)"
1567,"Message-Topic(e1,e2)"
1568,"Cause-Effect(e2,e1)"
1569,Other
1570,"Entity-Destination(e1,e2)"
1571,Other
1572,"Entity-Origin(e2,e1)"
1573,"Entity-Destination(e1,e2)"
1574,Other
1575,Other
1576,"Content-Container(e2,e1)"
1577,"Entity-Origin(e1,e2)"
1578,Other
1579,"Cause-Effect(e2,e1)"
1580,"Message-Topic(e1,e2)"
1581,"Member-Collection(e2,e1)"
1582,"Entity-Destination(e1,e2)"
1583,"Product-Producer(e1,e2)"
1584,"Message-Topic(e1,e2)"
1585,"Message-Topic(e1,e2)"
1586,"Content-Container(e1,e2)"
1587,"Cause-Effect(e2,e1)"
1588,"Cause-Effect(e2,e1)"
1589,Other
1590,"Instrument-Agency(e2,e1)"
1591,Other
1592,"Product-Producer(e1,e2)"
1593,"Product-Producer(e2,e1)"
1594,Other
1595,Other
1596,"Cause-Effect(e2,e1)"
1597,"Entity-Origin(e1,e2)"
1598,"Component-Whole(e1,e2)"
1599,"Cause-Effect(e2,e1)"
1600,"Member-Collection(e2,e1)"
1601,"Entity-Destination(e1,e2)"
1602,"Instrument-Agency(e2,e1)"
1603,"Entity-Origin(e2,e1)"
1604,"Entity-Origin(e2,e1)"
1605,"Entity-Origin(e1,e2)"
1606,"Component-Whole(e1,e2)"
1607,"Entity-Origin(e1,e2)"
1608,Other
1609,"Entity-Destination(e1,e2)"
1610,"Instrument-Agency(e1,e2)"
1611,"Entity-Origin(e2,e1)"
1612,"Instrument-Agency(e2,e1)"
1613,Other
1614,"Instrument-Agency(e2,e1)"
1615,"Instrument-Agency(e2,e1)"
1616,"Instrument-Agency(e1,e2)"
1617,"Product-Producer(e2,e1)"
1618,Other
1619,"Member-Collection(e2,e1)"
1620,"Cause-Effect(e2,e1)"
1621,"Cause-Effect(e2,e1)"
1622,"Cause-Effect(e2,e1)"
1623,"Entity-Destination(e1,e2)"
1624,"Entity-Destination(e1,e2)"
1625,"Component-Whole(e2,e1)"
1626,"Cause-Effect(e2,e1)"
1627,"Entity-Origin(e1,e2)"
1628,"Entity-Destination(e1,e2)"
1629,"Message-Topic(e1,e2)"
1630,Other
1631,"Cause-Effect(e2,e1)"
1632,"Message-Topic(e1,e2)"
1633,"Entity-Destination(e1,e2)"
1634,"Message-Topic(e1,e2)"
1635,Other
1636,Other
1637,"Product-Producer(e1,e2)"
1638,Other
1639,"Component-Whole(e2,e1)"
1640,Other
1641,Other
1642,"Component-Whole(e1,e2)"
1643,"Entity-Destination(e1,e2)"
1644,"Cause-Effect(e1,e2)"
1645,"Entity-Origin(e1,e2)"
1646,"Component-Whole(e2,e1)"
1647,"Entity-Destination(e1,e2)"
1648,"Cause-Effect(e2,e1)"
1649,"Cause-Effect(e2,e1)"
1650,"Message-Topic(e1,e2)"
1651,"Entity-Destination(e1,e2)"
1652,"Content-Container(e2,e1)"
1653,"Entity-Origin(e1,e2)"
1654,"Cause-Effect(e1,e2)"
1655,"Cause-Effect(e2,e1)"
1656,"Entity-Destination(e1,e2)"
1657,Other
1658,"Component-Whole(e2,e1)"
1659,"Entity-Origin(e1,e2)"
1660,"Component-Whole(e2,e1)"
1661,"Cause-Effect(e1,e2)"
1662,"Message-Topic(e1,e2)"
1663,"Message-Topic(e2,e1)"
1664,"Entity-Origin(e1,e2)"
1665,"Message-Topic(e1,e2)"
1666,"Entity-Destination(e1,e2)"
1667,"Product-Producer(e2,e1)"
1668,"Product-Producer(e2,e1)"
1669,"Product-Producer(e1,e2)"
1670,"Content-Container(e1,e2)"
1671,"Cause-Effect(e2,e1)"
1672,"Entity-Destination(e1,e2)"
1673,"Component-Whole(e1,e2)"
1674,"Member-Collection(e2,e1)"
1675,Other
1676,"Cause-Effect(e1,e2)"
1677,"Instrument-Agency(e1,e2)"
1678,"Cause-Effect(e2,e1)"
1679,"Component-Whole(e2,e1)"
1680,Other
1681,Other
1682,"Entity-Destination(e1,e2)"
1683,"Entity-Destination(e1,e2)"
1684,"Cause-Effect(e1,e2)"
1685,Other
1686,"Cause-Effect(e1,e2)"
1687,"Content-Container(e2,e1)"
1688,"Entity-Origin(e1,e2)"
1689,"Instrument-Agency(e1,e2)"
1690,Other
1691,"Instrument-Agency(e1,e2)"
1692,Other
1693,"Cause-Effect(e1,e2)"
1694,Other
1695,"Entity-Destination(e1,e2)"
1696,"Product-Producer(e2,e1)"
1697,"Content-Container(e1,e2)"
1698,"Member-Collection(e2,e1)"
1699,"Member-Collection(e2,e1)"
1700,"Entity-Destination(e1,e2)"
1701,"Entity-Origin(e1,e2)"
1702,"Cause-Effect(e2,e1)"
1703,"Cause-Effect(e2,e1)"
1704,Other
1705,Other
1706,"Member-Collection(e2,e1)"
1707,Other
1708,"Entity-Destination(e1,e2)"
1709,"Member-Collection(e2,e1)"
1710,"Product-Producer(e1,e2)"
1711,Other
1712,Other
1713,"Cause-Effect(e2,e1)"
1714,"Component-Whole(e2,e1)"
1715,Other
1716,"Product-Producer(e1,e2)"
1717,"Entity-Origin(e1,e2)"
1718,"Content-Container(e2,e1)"
1719,"Entity-Destination(e1,e2)"
1720,"Content-Container(e1,e2)"
1721,Other
1722,"Cause-Effect(e1,e2)"
1723,"Instrument-Agency(e2,e1)"
1724,"Entity-Origin(e1,e2)"
1725,"Cause-Effect(e2,e1)"
1726,"Member-Collection(e2,e1)"
1727,"Entity-Origin(e1,e2)"
1728,"Cause-Effect(e2,e1)"
1729,"Member-Collection(e2,e1)"
1730,"Instrument-Agency(e1,e2)"
1731,Other
1732,"Cause-Effect(e2,e1)"
1733,Other
1734,"Instrument-Agency(e2,e1)"
1735,"Message-Topic(e2,e1)"
1736,"Component-Whole(e1,e2)"
1737,"Product-Producer(e1,e2)"
1738,Other
1739,"Content-Container(e2,e1)"
1740,"Entity-Destination(e1,e2)"
1741,"Component-Whole(e1,e2)"
1742,"Entity-Destination(e1,e2)"
1743,"Component-Whole(e2,e1)"
1744,"Component-Whole(e1,e2)"
1745,"Component-Whole(e1,e2)"
1746,"Message-Topic(e1,e2)"
1747,"Product-Producer(e1,e2)"
1748,"Cause-Effect(e2,e1)"
1749,"Message-Topic(e1,e2)"
1750,"Entity-Destination(e1,e2)"
1751,"Entity-Destination(e1,e2)"
1752,"Product-Producer(e1,e2)"
1753,"Member-Collection(e2,e1)"
1754,"Member-Collection(e2,e1)"
1755,"Component-Whole(e2,e1)"
1756,"Product-Producer(e1,e2)"
1757,Other
1758,"Product-Producer(e1,e2)"
1759,"Member-Collection(e1,e2)"
1760,"Content-Container(e1,e2)"
1761,"Cause-Effect(e1,e2)"
1762,Other
1763,"Product-Producer(e1,e2)"
1764,"Instrument-Agency(e1,e2)"
1765,Other
1766,"Message-Topic(e1,e2)"
1767,"Member-Collection(e2,e1)"
1768,"Component-Whole(e1,e2)"
1769,"Content-Container(e1,e2)"
1770,Other
1771,"Entity-Origin(e1,e2)"
1772,"Message-Topic(e1,e2)"
1773,"Entity-Destination(e1,e2)"
1774,"Cause-Effect(e2,e1)"
1775,"Member-Collection(e2,e1)"
1776,Other
1777,"Cause-Effect(e1,e2)"
1778,"Entity-Destination(e1,e2)"
1779,"Member-Collection(e2,e1)"
1780,"Product-Producer(e2,e1)"
1781,"Cause-Effect(e2,e1)"
1782,"Product-Producer(e1,e2)"
1783,"Entity-Destination(e1,e2)"
1784,"Entity-Origin(e2,e1)"
1785,"Cause-Effect(e2,e1)"
1786,"Cause-Effect(e2,e1)"
1787,Other
1788,"Entity-Origin(e1,e2)"
1789,"Message-Topic(e1,e2)"
1790,"Message-Topic(e1,e2)"
1791,"Instrument-Agency(e1,e2)"
1792,"Cause-Effect(e1,e2)"
1793,Other
1794,"Content-Container(e1,e2)"
1795,"Message-Topic(e1,e2)"
1796,"Instrument-Agency(e2,e1)"
1797,"Component-Whole(e2,e1)"
1798,"Message-Topic(e1,e2)"
1799,"Message-Topic(e1,e2)"
1800,"Member-Collection(e1,e2)"
1801,"Entity-Destination(e1,e2)"
1802,"Entity-Destination(e1,e2)"
1803,"Product-Producer(e1,e2)"
1804,"Instrument-Agency(e2,e1)"
1805,Other
1806,Other
1807,"Entity-Origin(e1,e2)"
1808,"Entity-Destination(e1,e2)"
1809,"Member-Collection(e2,e1)"
1810,"Instrument-Agency(e2,e1)"
1811,"Product-Producer(e2,e1)"
1812,"Content-Container(e2,e1)"
1813,"Cause-Effect(e2,e1)"
1814,"Member-Collection(e2,e1)"
1815,"Instrument-Agency(e2,e1)"
1816,"Content-Container(e1,e2)"
1817,"Entity-Destination(e1,e2)"
1818,"Member-Collection(e2,e1)"
1819,"Instrument-Agency(e2,e1)"
1820,"Entity-Origin(e1,e2)"
1821,"Entity-Origin(e1,e2)"
1822,"Content-Container(e2,e1)"
1823,"Message-Topic(e1,e2)"
1824,"Content-Container(e2,e1)"
1825,"Content-Container(e2,e1)"
1826,Other
1827,"Product-Producer(e2,e1)"
1828,Other
1829,"Message-Topic(e1,e2)"
1830,"Entity-Origin(e1,e2)"
1831,Other
1832,"Entity-Destination(e1,e2)"
1833,"Entity-Destination(e1,e2)"
1834,"Message-Topic(e1,e2)"
1835,"Cause-Effect(e1,e2)"
1836,"Product-Producer(e2,e1)"
1837,"Instrument-Agency(e1,e2)"
1838,"Entity-Destination(e1,e2)"
1839,Other
1840,Other
1841,"Entity-Destination(e1,e2)"
1842,"Message-Topic(e1,e2)"
1843,Other
1844,Other
1845,"Product-Producer(e2,e1)"
1846,"Member-Collection(e2,e1)"
1847,"Message-Topic(e1,e2)"
1848,"Content-Container(e1,e2)"
1849,"Entity-Destination(e1,e2)"
1850,"Message-Topic(e1,e2)"
1851,"Message-Topic(e1,e2)"
1852,"Entity-Origin(e1,e2)"
1853,"Member-Collection(e2,e1)"
1854,Other
1855,"Entity-Destination(e1,e2)"
1856,"Entity-Destination(e1,e2)"
1857,"Entity-Destination(e1,e2)"
1858,Other
1859,"Cause-Effect(e2,e1)"
1860,"Content-Container(e1,e2)"
1861,Other
1862,"Component-Whole(e2,e1)"
1863,"Entity-Origin(e1,e2)"
1864,Other
1865,Other
1866,"Cause-Effect(e1,e2)"
1867,"Cause-Effect(e1,e2)"
1868,"Cause-Effect(e1,e2)"
1869,"Instrument-Agency(e2,e1)"
1870,Other
1871,"Product-Producer(e1,e2)"
1872,"Cause-Effect(e2,e1)"
1873,"Entity-Destination(e1,e2)"
1874,"Instrument-Agency(e2,e1)"
1875,"Member-Collection(e2,e1)"
1876,Other
1877,Other
1878,"Member-Collection(e2,e1)"
1879,"Entity-Origin(e1,e2)"
1880,"Entity-Destination(e1,e2)"
1881,"Entity-Destination(e1,e2)"
1882,Other
1883,Other
1884,"Member-Collection(e2,e1)"
1885,"Instrument-Agency(e2,e1)"
1886,"Entity-Destination(e1,e2)"
1887,"Entity-Destination(e1,e2)"
1888,"Product-Producer(e2,e1)"
1889,Other
1890,"Product-Producer(e2,e1)"
1891,"Entity-Origin(e1,e2)"
1892,"Member-Collection(e2,e1)"
1893,"Entity-Origin(e1,e2)"
1894,"Cause-Effect(e2,e1)"
1895,"Member-Collection(e2,e1)"
1896,"Cause-Effect(e1,e2)"
1897,"Product-Producer(e2,e1)"
1898,"Instrument-Agency(e2,e1)"
1899,Other
1900,Other
1901,"Entity-Origin(e1,e2)"
1902,"Product-Producer(e1,e2)"
1903,"Instrument-Agency(e2,e1)"
1904,"Entity-Origin(e1,e2)"
1905,"Member-Collection(e2,e1)"
1906,"Component-Whole(e1,e2)"
1907,"Component-Whole(e1,e2)"
1908,"Cause-Effect(e2,e1)"
1909,"Entity-Destination(e1,e2)"
1910,"Product-Producer(e1,e2)"
1911,Other
1912,Other
1913,"Content-Container(e1,e2)"
1914,"Product-Producer(e1,e2)"
1915,"Component-Whole(e1,e2)"
1916,Other
1917,"Entity-Origin(e1,e2)"
1918,"Cause-Effect(e1,e2)"
1919,"Instrument-Agency(e1,e2)"
1920,"Entity-Destination(e1,e2)"
1921,"Component-Whole(e2,e1)"
1922,"Component-Whole(e2,e1)"
1923,"Component-Whole(e1,e2)"
1924,"Cause-Effect(e1,e2)"
1925,"Cause-Effect(e2,e1)"
1926,"Entity-Origin(e1,e2)"
1927,"Instrument-Agency(e2,e1)"
1928,"Product-Producer(e2,e1)"
1929,"Entity-Origin(e1,e2)"
1930,"Member-Collection(e2,e1)"
1931,"Entity-Origin(e1,e2)"
1932,Other
1933,Other
1934,"Instrument-Agency(e2,e1)"
1935,"Entity-Origin(e1,e2)"
1936,"Entity-Destination(e1,e2)"
1937,"Content-Container(e2,e1)"
1938,"Instrument-Agency(e2,e1)"
1939,Other
1940,"Instrument-Agency(e1,e2)"
1941,"Product-Producer(e1,e2)"
1942,"Cause-Effect(e1,e2)"
1943,"Member-Collection(e2,e1)"
1944,"Content-Container(e1,e2)"
1945,"Content-Container(e1,e2)"
1946,"Message-Topic(e1,e2)"
1947,"Member-Collection(e2,e1)"
1948,"Entity-Origin(e1,e2)"
1949,Other
1950,"Message-Topic(e1,e2)"
1951,"Message-Topic(e1,e2)"
1952,"Entity-Origin(e1,e2)"
1953,Other
1954,"Entity-Origin(e1,e2)"
1955,"Instrument-Agency(e2,e1)"
1956,Other
1957,"Entity-Destination(e1,e2)"
1958,"Entity-Destination(e1,e2)"
1959,"Message-Topic(e2,e1)"
1960,"Member-Collection(e2,e1)"
1961,"Instrument-Agency(e2,e1)"
1962,"Message-Topic(e1,e2)"
1963,"Entity-Destination(e1,e2)"
1964,"Message-Topic(e1,e2)"
1965,"Component-Whole(e2,e1)"
1966,Other
1967,"Instrument-Agency(e1,e2)"
1968,"Entity-Origin(e1,e2)"
1969,"Cause-Effect(e1,e2)"
1970,"Entity-Origin(e1,e2)"
1971,"Product-Producer(e1,e2)"
1972,"Entity-Origin(e1,e2)"
1973,"Member-Collection(e2,e1)"
1974,"Product-Producer(e2,e1)"
1975,"Entity-Origin(e2,e1)"
1976,"Entity-Destination(e1,e2)"
1977,"Cause-Effect(e1,e2)"
1978,"Message-Topic(e1,e2)"
1979,Other
1980,Other
1981,"Message-Topic(e1,e2)"
1982,Other
1983,Other
1984,"Message-Topic(e1,e2)"
1985,Other
1986,"Product-Producer(e1,e2)"
1987,"Cause-Effect(e2,e1)"
1988,"Entity-Origin(e1,e2)"
1989,"Instrument-Agency(e2,e1)"
1990,"Product-Producer(e1,e2)"
1991,"Entity-Origin(e1,e2)"
1992,"Member-Collection(e2,e1)"
1993,"Product-Producer(e1,e2)"
1994,"Message-Topic(e1,e2)"
1995,Other
1996,"Component-Whole(e1,e2)"
1997,"Product-Producer(e2,e1)"
1998,"Product-Producer(e2,e1)"
1999,"Entity-Destination(e1,e2)"
2000,"Entity-Destination(e1,e2)"
2001,"Entity-Origin(e1,e2)"
2002,"Cause-Effect(e2,e1)"
2003,"Instrument-Agency(e2,e1)"
2004,"Entity-Destination(e1,e2)"
2005,"Entity-Origin(e1,e2)"
2006,Other
2007,"Entity-Destination(e1,e2)"
2008,"Message-Topic(e1,e2)"
2009,"Entity-Origin(e1,e2)"
2010,"Product-Producer(e1,e2)"
2011,Other
2012,"Instrument-Agency(e1,e2)"
2013,Other
2014,"Component-Whole(e2,e1)"
2015,"Instrument-Agency(e1,e2)"
2016,"Product-Producer(e1,e2)"
2017,"Member-Collection(e2,e1)"
2018,Other
2019,"Instrument-Agency(e2,e1)"
2020,"Component-Whole(e2,e1)"
2021,"Entity-Origin(e2,e1)"
2022,"Member-Collection(e2,e1)"
2023,"Entity-Origin(e1,e2)"
2024,"Entity-Origin(e1,e2)"
2025,"Content-Container(e1,e2)"
2026,"Entity-Destination(e1,e2)"
2027,"Product-Producer(e2,e1)"
2028,"Cause-Effect(e2,e1)"
2029,"Entity-Destination(e1,e2)"
2030,"Content-Container(e2,e1)"
2031,Other
2032,"Product-Producer(e2,e1)"
2033,"Product-Producer(e1,e2)"
2034,"Entity-Origin(e2,e1)"
2035,Other
2036,"Message-Topic(e1,e2)"
2037,"Cause-Effect(e2,e1)"
2038,"Message-Topic(e1,e2)"
2039,"Entity-Destination(e1,e2)"
2040,"Instrument-Agency(e2,e1)"
2041,Other
2042,"Component-Whole(e2,e1)"
2043,"Content-Container(e1,e2)"
2044,"Content-Container(e1,e2)"
2045,Other
2046,"Entity-Origin(e1,e2)"
2047,"Component-Whole(e2,e1)"
2048,"Entity-Destination(e1,e2)"
2049,"Instrument-Agency(e1,e2)"
2050,"Instrument-Agency(e1,e2)"
2051,"Cause-Effect(e2,e1)"
2052,Other
2053,"Member-Collection(e2,e1)"
2054,Other
2055,"Entity-Destination(e1,e2)"
2056,"Instrument-Agency(e2,e1)"
2057,"Component-Whole(e2,e1)"
2058,"Product-Producer(e2,e1)"
2059,"Instrument-Agency(e1,e2)"
2060,Other
2061,Other
2062,"Component-Whole(e1,e2)"
2063,"Product-Producer(e2,e1)"
2064,"Member-Collection(e2,e1)"
2065,"Entity-Destination(e1,e2)"
2066,"Member-Collection(e1,e2)"
2067,"Entity-Origin(e1,e2)"
2068,"Entity-Origin(e1,e2)"
2069,"Instrument-Agency(e2,e1)"
2070,Other
2071,"Product-Producer(e2,e1)"
2072,"Message-Topic(e1,e2)"
2073,"Entity-Destination(e1,e2)"
2074,"Instrument-Agency(e2,e1)"
2075,"Entity-Origin(e1,e2)"
2076,"Entity-Origin(e1,e2)"
2077,"Product-Producer(e1,e2)"
2078,"Entity-Destination(e1,e2)"
2079,"Instrument-Agency(e2,e1)"
2080,"Component-Whole(e1,e2)"
2081,"Entity-Destination(e1,e2)"
2082,"Cause-Effect(e2,e1)"
2083,Other
2084,"Message-Topic(e1,e2)"
2085,"Instrument-Agency(e2,e1)"
2086,Other
2087,Other
2088,"Entity-Destination(e1,e2)"
2089,"Product-Producer(e1,e2)"
2090,Other
2091,"Message-Topic(e1,e2)"
2092,"Instrument-Agency(e1,e2)"
2093,"Entity-Origin(e1,e2)"
2094,Other
2095,"Instrument-Agency(e2,e1)"
2096,"Content-Container(e1,e2)"
2097,Other
2098,"Product-Producer(e2,e1)"
2099,"Cause-Effect(e2,e1)"
2100,Other
2101,"Cause-Effect(e1,e2)"
2102,"Instrument-Agency(e1,e2)"
2103,"Instrument-Agency(e1,e2)"
2104,"Product-Producer(e1,e2)"
2105,"Content-Container(e1,e2)"
2106,"Component-Whole(e1,e2)"
2107,"Cause-Effect(e2,e1)"
2108,Other
2109,"Instrument-Agency(e2,e1)"
2110,"Entity-Origin(e2,e1)"
2111,"Cause-Effect(e1,e2)"
2112,"Instrument-Agency(e2,e1)"
2113,Other
2114,"Entity-Origin(e2,e1)"
2115,"Content-Container(e2,e1)"
2116,Other
2117,"Product-Producer(e2,e1)"
2118,"Product-Producer(e1,e2)"
2119,Other
2120,"Member-Collection(e2,e1)"
2121,Other
2122,"Component-Whole(e2,e1)"
2123,"Cause-Effect(e2,e1)"
2124,"Member-Collection(e2,e1)"
2125,Other
2126,Other
2127,"Entity-Destination(e1,e2)"
2128,"Content-Container(e1,e2)"
2129,Other
2130,"Product-Producer(e2,e1)"
2131,"Cause-Effect(e2,e1)"
2132,"Member-Collection(e2,e1)"
2133,"Component-Whole(e2,e1)"
2134,"Instrument-Agency(e2,e1)"
2135,"Product-Producer(e1,e2)"
2136,"Component-Whole(e2,e1)"
2137,"Entity-Origin(e1,e2)"
2138,"Message-Topic(e1,e2)"
2139,"Instrument-Agency(e2,e1)"
2140,"Instrument-Agency(e2,e1)"
2141,Other
2142,"Entity-Origin(e1,e2)"
2143,"Cause-Effect(e1,e2)"
